run_index,total_runs,n_gram_size,item_mem_seed,num_levels,vector_dimension,result_csv,log_file,duration_sec
1,25,1,1,40,10000,analysis/ngram_sweep/results.csv,/mnt/c/Users/Marian/Documents/FAU_CE/master/Semester 4/Masterarbeit/HDC/code/hdcframeworkhorn/analysis/ngram_sweep/logs/ngram_1_seed_01.txt,3.664
2,25,1,2,40,10000,analysis/ngram_sweep/results.csv,/mnt/c/Users/Marian/Documents/FAU_CE/master/Semester 4/Masterarbeit/HDC/code/hdcframeworkhorn/analysis/ngram_sweep/logs/ngram_1_seed_02.txt,3.219
3,25,1,3,40,10000,analysis/ngram_sweep/results.csv,/mnt/c/Users/Marian/Documents/FAU_CE/master/Semester 4/Masterarbeit/HDC/code/hdcframeworkhorn/analysis/ngram_sweep/logs/ngram_1_seed_03.txt,3.254
4,25,1,4,40,10000,analysis/ngram_sweep/results.csv,/mnt/c/Users/Marian/Documents/FAU_CE/master/Semester 4/Masterarbeit/HDC/code/hdcframeworkhorn/analysis/ngram_sweep/logs/ngram_1_seed_04.txt,3.122
5,25,1,5,40,10000,analysis/ngram_sweep/results.csv,/mnt/c/Users/Marian/Documents/FAU_CE/master/Semester 4/Masterarbeit/HDC/code/hdcframeworkhorn/analysis/ngram_sweep/logs/ngram_1_seed_05.txt,2.942
6,25,2,1,40,10000,analysis/ngram_sweep/results.csv,/mnt/c/Users/Marian/Documents/FAU_CE/master/Semester 4/Masterarbeit/HDC/code/hdcframeworkhorn/analysis/ngram_sweep/logs/ngram_2_seed_01.txt,3.611
7,25,2,2,40,10000,analysis/ngram_sweep/results.csv,/mnt/c/Users/Marian/Documents/FAU_CE/master/Semester 4/Masterarbeit/HDC/code/hdcframeworkhorn/analysis/ngram_sweep/logs/ngram_2_seed_02.txt,3.800
8,25,2,3,40,10000,analysis/ngram_sweep/results.csv,/mnt/c/Users/Marian/Documents/FAU_CE/master/Semester 4/Masterarbeit/HDC/code/hdcframeworkhorn/analysis/ngram_sweep/logs/ngram_2_seed_03.txt,3.792
9,25,2,4,40,10000,analysis/ngram_sweep/results.csv,/mnt/c/Users/Marian/Documents/FAU_CE/master/Semester 4/Masterarbeit/HDC/code/hdcframeworkhorn/analysis/ngram_sweep/logs/ngram_2_seed_04.txt,3.852
10,25,2,5,40,10000,analysis/ngram_sweep/results.csv,/mnt/c/Users/Marian/Documents/FAU_CE/master/Semester 4/Masterarbeit/HDC/code/hdcframeworkhorn/analysis/ngram_sweep/logs/ngram_2_seed_05.txt,3.833
11,25,3,1,40,10000,analysis/ngram_sweep/results.csv,/mnt/c/Users/Marian/Documents/FAU_CE/master/Semester 4/Masterarbeit/HDC/code/hdcframeworkhorn/analysis/ngram_sweep/logs/ngram_3_seed_01.txt,4.588
12,25,3,2,40,10000,analysis/ngram_sweep/results.csv,/mnt/c/Users/Marian/Documents/FAU_CE/master/Semester 4/Masterarbeit/HDC/code/hdcframeworkhorn/analysis/ngram_sweep/logs/ngram_3_seed_02.txt,4.594
13,25,3,3,40,10000,analysis/ngram_sweep/results.csv,/mnt/c/Users/Marian/Documents/FAU_CE/master/Semester 4/Masterarbeit/HDC/code/hdcframeworkhorn/analysis/ngram_sweep/logs/ngram_3_seed_03.txt,4.538
14,25,3,4,40,10000,analysis/ngram_sweep/results.csv,/mnt/c/Users/Marian/Documents/FAU_CE/master/Semester 4/Masterarbeit/HDC/code/hdcframeworkhorn/analysis/ngram_sweep/logs/ngram_3_seed_04.txt,4.672
15,25,3,5,40,10000,analysis/ngram_sweep/results.csv,/mnt/c/Users/Marian/Documents/FAU_CE/master/Semester 4/Masterarbeit/HDC/code/hdcframeworkhorn/analysis/ngram_sweep/logs/ngram_3_seed_05.txt,4.862
16,25,4,1,40,10000,analysis/ngram_sweep/results.csv,/mnt/c/Users/Marian/Documents/FAU_CE/master/Semester 4/Masterarbeit/HDC/code/hdcframeworkhorn/analysis/ngram_sweep/logs/ngram_4_seed_01.txt,5.767
17,25,4,2,40,10000,analysis/ngram_sweep/results.csv,/mnt/c/Users/Marian/Documents/FAU_CE/master/Semester 4/Masterarbeit/HDC/code/hdcframeworkhorn/analysis/ngram_sweep/logs/ngram_4_seed_02.txt,5.676
18,25,4,3,40,10000,analysis/ngram_sweep/results.csv,/mnt/c/Users/Marian/Documents/FAU_CE/master/Semester 4/Masterarbeit/HDC/code/hdcframeworkhorn/analysis/ngram_sweep/logs/ngram_4_seed_03.txt,5.528
19,25,4,4,40,10000,analysis/ngram_sweep/results.csv,/mnt/c/Users/Marian/Documents/FAU_CE/master/Semester 4/Masterarbeit/HDC/code/hdcframeworkhorn/analysis/ngram_sweep/logs/ngram_4_seed_04.txt,5.512
20,25,4,5,40,10000,analysis/ngram_sweep/results.csv,/mnt/c/Users/Marian/Documents/FAU_CE/master/Semester 4/Masterarbeit/HDC/code/hdcframeworkhorn/analysis/ngram_sweep/logs/ngram_4_seed_05.txt,5.489
21,25,5,1,40,10000,analysis/ngram_sweep/results.csv,/mnt/c/Users/Marian/Documents/FAU_CE/master/Semester 4/Masterarbeit/HDC/code/hdcframeworkhorn/analysis/ngram_sweep/logs/ngram_5_seed_01.txt,6.422
22,25,5,2,40,10000,analysis/ngram_sweep/results.csv,/mnt/c/Users/Marian/Documents/FAU_CE/master/Semester 4/Masterarbeit/HDC/code/hdcframeworkhorn/analysis/ngram_sweep/logs/ngram_5_seed_02.txt,6.414
23,25,5,3,40,10000,analysis/ngram_sweep/results.csv,/mnt/c/Users/Marian/Documents/FAU_CE/master/Semester 4/Masterarbeit/HDC/code/hdcframeworkhorn/analysis/ngram_sweep/logs/ngram_5_seed_03.txt,6.109
24,25,5,4,40,10000,analysis/ngram_sweep/results.csv,/mnt/c/Users/Marian/Documents/FAU_CE/master/Semester 4/Masterarbeit/HDC/code/hdcframeworkhorn/analysis/ngram_sweep/logs/ngram_5_seed_04.txt,6.363
25,25,5,5,40,10000,analysis/ngram_sweep/results.csv,/mnt/c/Users/Marian/Documents/FAU_CE/master/Semester 4/Masterarbeit/HDC/code/hdcframeworkhorn/analysis/ngram_sweep/logs/ngram_5_seed_05.txt,6.516
26,50,6,1,40,10000,analysis/ngram_sweep/results.csv,/mnt/c/Users/Marian/Documents/FAU_CE/master/Semester 4/Masterarbeit/HDC/code/hdcframeworkhorn/analysis/ngram_sweep/logs/ngram_6_seed_01.txt,7.958
27,50,6,2,40,10000,analysis/ngram_sweep/results.csv,/mnt/c/Users/Marian/Documents/FAU_CE/master/Semester 4/Masterarbeit/HDC/code/hdcframeworkhorn/analysis/ngram_sweep/logs/ngram_6_seed_02.txt,7.499
28,50,6,3,40,10000,analysis/ngram_sweep/results.csv,/mnt/c/Users/Marian/Documents/FAU_CE/master/Semester 4/Masterarbeit/HDC/code/hdcframeworkhorn/analysis/ngram_sweep/logs/ngram_6_seed_03.txt,7.221
29,50,6,4,40,10000,analysis/ngram_sweep/results.csv,/mnt/c/Users/Marian/Documents/FAU_CE/master/Semester 4/Masterarbeit/HDC/code/hdcframeworkhorn/analysis/ngram_sweep/logs/ngram_6_seed_04.txt,6.744
30,50,6,5,40,10000,analysis/ngram_sweep/results.csv,/mnt/c/Users/Marian/Documents/FAU_CE/master/Semester 4/Masterarbeit/HDC/code/hdcframeworkhorn/analysis/ngram_sweep/logs/ngram_6_seed_05.txt,7.183
31,50,7,1,40,10000,analysis/ngram_sweep/results.csv,/mnt/c/Users/Marian/Documents/FAU_CE/master/Semester 4/Masterarbeit/HDC/code/hdcframeworkhorn/analysis/ngram_sweep/logs/ngram_7_seed_01.txt,7.415
32,50,7,2,40,10000,analysis/ngram_sweep/results.csv,/mnt/c/Users/Marian/Documents/FAU_CE/master/Semester 4/Masterarbeit/HDC/code/hdcframeworkhorn/analysis/ngram_sweep/logs/ngram_7_seed_02.txt,7.602
33,50,7,3,40,10000,analysis/ngram_sweep/results.csv,/mnt/c/Users/Marian/Documents/FAU_CE/master/Semester 4/Masterarbeit/HDC/code/hdcframeworkhorn/analysis/ngram_sweep/logs/ngram_7_seed_03.txt,8.099
34,50,7,4,40,10000,analysis/ngram_sweep/results.csv,/mnt/c/Users/Marian/Documents/FAU_CE/master/Semester 4/Masterarbeit/HDC/code/hdcframeworkhorn/analysis/ngram_sweep/logs/ngram_7_seed_04.txt,8.268
35,50,7,5,40,10000,analysis/ngram_sweep/results.csv,/mnt/c/Users/Marian/Documents/FAU_CE/master/Semester 4/Masterarbeit/HDC/code/hdcframeworkhorn/analysis/ngram_sweep/logs/ngram_7_seed_05.txt,7.582
36,50,8,1,40,10000,analysis/ngram_sweep/results.csv,/mnt/c/Users/Marian/Documents/FAU_CE/master/Semester 4/Masterarbeit/HDC/code/hdcframeworkhorn/analysis/ngram_sweep/logs/ngram_8_seed_01.txt,8.429
37,50,8,2,40,10000,analysis/ngram_sweep/results.csv,/mnt/c/Users/Marian/Documents/FAU_CE/master/Semester 4/Masterarbeit/HDC/code/hdcframeworkhorn/analysis/ngram_sweep/logs/ngram_8_seed_02.txt,9.297
38,50,8,3,40,10000,analysis/ngram_sweep/results.csv,/mnt/c/Users/Marian/Documents/FAU_CE/master/Semester 4/Masterarbeit/HDC/code/hdcframeworkhorn/analysis/ngram_sweep/logs/ngram_8_seed_03.txt,9.141
39,50,8,4,40,10000,analysis/ngram_sweep/results.csv,/mnt/c/Users/Marian/Documents/FAU_CE/master/Semester 4/Masterarbeit/HDC/code/hdcframeworkhorn/analysis/ngram_sweep/logs/ngram_8_seed_04.txt,8.623
40,50,8,5,40,10000,analysis/ngram_sweep/results.csv,/mnt/c/Users/Marian/Documents/FAU_CE/master/Semester 4/Masterarbeit/HDC/code/hdcframeworkhorn/analysis/ngram_sweep/logs/ngram_8_seed_05.txt,9.045
41,50,9,1,40,10000,analysis/ngram_sweep/results.csv,/mnt/c/Users/Marian/Documents/FAU_CE/master/Semester 4/Masterarbeit/HDC/code/hdcframeworkhorn/analysis/ngram_sweep/logs/ngram_9_seed_01.txt,9.838
42,50,9,2,40,10000,analysis/ngram_sweep/results.csv,/mnt/c/Users/Marian/Documents/FAU_CE/master/Semester 4/Masterarbeit/HDC/code/hdcframeworkhorn/analysis/ngram_sweep/logs/ngram_9_seed_02.txt,9.247
43,50,9,3,40,10000,analysis/ngram_sweep/results.csv,/mnt/c/Users/Marian/Documents/FAU_CE/master/Semester 4/Masterarbeit/HDC/code/hdcframeworkhorn/analysis/ngram_sweep/logs/ngram_9_seed_03.txt,9.118
44,50,9,4,40,10000,analysis/ngram_sweep/results.csv,/mnt/c/Users/Marian/Documents/FAU_CE/master/Semester 4/Masterarbeit/HDC/code/hdcframeworkhorn/analysis/ngram_sweep/logs/ngram_9_seed_04.txt,9.865
45,50,9,5,40,10000,analysis/ngram_sweep/results.csv,/mnt/c/Users/Marian/Documents/FAU_CE/master/Semester 4/Masterarbeit/HDC/code/hdcframeworkhorn/analysis/ngram_sweep/logs/ngram_9_seed_05.txt,9.674
46,50,10,1,40,10000,analysis/ngram_sweep/results.csv,/mnt/c/Users/Marian/Documents/FAU_CE/master/Semester 4/Masterarbeit/HDC/code/hdcframeworkhorn/analysis/ngram_sweep/logs/ngram_10_seed_01.txt,10.624
47,50,10,2,40,10000,analysis/ngram_sweep/results.csv,/mnt/c/Users/Marian/Documents/FAU_CE/master/Semester 4/Masterarbeit/HDC/code/hdcframeworkhorn/analysis/ngram_sweep/logs/ngram_10_seed_02.txt,10.580
48,50,10,3,40,10000,analysis/ngram_sweep/results.csv,/mnt/c/Users/Marian/Documents/FAU_CE/master/Semester 4/Masterarbeit/HDC/code/hdcframeworkhorn/analysis/ngram_sweep/logs/ngram_10_seed_03.txt,10.467
49,50,10,4,40,10000,analysis/ngram_sweep/results.csv,/mnt/c/Users/Marian/Documents/FAU_CE/master/Semester 4/Masterarbeit/HDC/code/hdcframeworkhorn/analysis/ngram_sweep/logs/ngram_10_seed_04.txt,9.722
50,50,10,5,40,10000,analysis/ngram_sweep/results.csv,/mnt/c/Users/Marian/Documents/FAU_CE/master/Semester 4/Masterarbeit/HDC/code/hdcframeworkhorn/analysis/ngram_sweep/logs/ngram_10_seed_05.txt,10.264
