num_levels,num_features,vector_dimension,binning_mode,bipolar_mode,precomputed_item_memory,use_genetic_item_memory,ga_selection_mode,ga_mutation_rate,n_gram_size,window,downsample,validation_ratio,overall_accuracy,class_average_accuracy,class_vector_similarity,correct,not_correct,transition_error,total,info
40,32,10000,0,0,1,0,0,0.200000,1,100,1,0.300000,0.84307692,0.84307692,0.61256000,1096,204,0,1300,"model=mine,scope=dataset,dataset=0,phase=preopt-validation"
40,32,10000,0,0,1,0,0,0.200000,1,100,1,0.300000,0.98965517,0.98965517,0.61256000,861,9,0,870,"model=mine,scope=dataset,dataset=0,phase=preopt-test"
40,32,10000,0,0,1,0,0,0.200000,1,100,1,0.300000,0.83000000,0.83000000,0.91692000,1079,221,0,1300,"model=mine,scope=dataset,dataset=1,phase=preopt-validation"
40,32,10000,0,0,1,0,0,0.200000,1,100,1,0.300000,0.98505747,0.98505747,0.91692000,857,13,0,870,"model=mine,scope=dataset,dataset=1,phase=preopt-test"
40,32,10000,0,0,1,0,0,0.200000,1,100,1,0.300000,0.80230769,0.80230769,0.61692000,1043,257,0,1300,"model=mine,scope=dataset,dataset=2,phase=preopt-validation"
40,32,10000,0,0,1,0,0,0.200000,1,100,1,0.300000,0.86206897,0.86206897,0.61692000,750,120,0,870,"model=mine,scope=dataset,dataset=2,phase=preopt-test"
40,32,10000,0,0,1,0,0,0.200000,1,100,1,0.300000,0.91692308,0.91692308,0.68804000,1192,108,0,1300,"model=mine,scope=dataset,dataset=3,phase=preopt-validation"
40,32,10000,0,0,1,0,0,0.200000,1,100,1,0.300000,0.92758621,0.92758621,0.68804000,807,63,0,870,"model=mine,scope=dataset,dataset=3,phase=preopt-test"
40,32,10000,0,0,1,0,0,0.200000,1,100,1,0.300000,0.84807692,0.00000000,0.00000000,0,0,0,0,"model=mine,scope=overall,phase=preopt-validation"
40,32,10000,0,0,1,0,0,0.200000,1,100,1,0.300000,0.94109195,0.00000000,0.00000000,0,0,0,0,"model=mine,scope=overall,phase=preopt-test"
40,32,10000,0,0,1,0,0,0.200000,1,100,1,0.300000,0.85769231,0.85769231,0.61352000,1115,185,0,1300,"model=mine,scope=dataset,dataset=0,phase=preopt-validation"
40,32,10000,0,0,1,0,0,0.200000,1,100,1,0.300000,0.99195402,0.99195402,0.61352000,863,7,0,870,"model=mine,scope=dataset,dataset=0,phase=preopt-test"
40,32,10000,0,0,1,0,0,0.200000,1,100,1,0.300000,0.82923077,0.82923077,0.91676000,1078,222,0,1300,"model=mine,scope=dataset,dataset=1,phase=preopt-validation"
40,32,10000,0,0,1,0,0,0.200000,1,100,1,0.300000,0.98390805,0.98390805,0.91676000,856,14,0,870,"model=mine,scope=dataset,dataset=1,phase=preopt-test"
40,32,10000,0,0,1,0,0,0.200000,1,100,1,0.300000,0.79615385,0.79615385,0.61848000,1035,265,0,1300,"model=mine,scope=dataset,dataset=2,phase=preopt-validation"
40,32,10000,0,0,1,0,0,0.200000,1,100,1,0.300000,0.86206897,0.86206897,0.61848000,750,120,0,870,"model=mine,scope=dataset,dataset=2,phase=preopt-test"
40,32,10000,0,0,1,0,0,0.200000,1,100,1,0.300000,0.91846154,0.91846154,0.68800000,1194,106,0,1300,"model=mine,scope=dataset,dataset=3,phase=preopt-validation"
40,32,10000,0,0,1,0,0,0.200000,1,100,1,0.300000,0.92988506,0.92988506,0.68800000,809,61,0,870,"model=mine,scope=dataset,dataset=3,phase=preopt-test"
40,32,10000,0,0,1,0,0,0.200000,1,100,1,0.300000,0.85038462,0.00000000,0.00000000,0,0,0,0,"model=mine,scope=overall,phase=preopt-validation"
40,32,10000,0,0,1,0,0,0.200000,1,100,1,0.300000,0.94195402,0.00000000,0.00000000,0,0,0,0,"model=mine,scope=overall,phase=preopt-test"
40,32,10000,0,0,1,0,0,0.200000,1,100,1,0.300000,0.84000000,0.84000000,0.61596000,1092,208,0,1300,"model=mine,scope=dataset,dataset=0,phase=preopt-validation"
40,32,10000,0,0,1,0,0,0.200000,1,100,1,0.300000,0.99080460,0.99080460,0.61596000,862,8,0,870,"model=mine,scope=dataset,dataset=0,phase=preopt-test"
40,32,10000,0,0,1,0,0,0.200000,1,100,1,0.300000,0.82769231,0.82769231,0.92304000,1076,224,0,1300,"model=mine,scope=dataset,dataset=1,phase=preopt-validation"
40,32,10000,0,0,1,0,0,0.200000,1,100,1,0.300000,0.98390805,0.98390805,0.92304000,856,14,0,870,"model=mine,scope=dataset,dataset=1,phase=preopt-test"
40,32,10000,0,0,1,0,0,0.200000,1,100,1,0.300000,0.80000000,0.80000000,0.62860000,1040,260,0,1300,"model=mine,scope=dataset,dataset=2,phase=preopt-validation"
40,32,10000,0,0,1,0,0,0.200000,1,100,1,0.300000,0.86551724,0.86551724,0.62860000,753,117,0,870,"model=mine,scope=dataset,dataset=2,phase=preopt-test"
40,32,10000,0,0,1,0,0,0.200000,1,100,1,0.300000,0.92076923,0.92076923,0.69004000,1197,103,0,1300,"model=mine,scope=dataset,dataset=3,phase=preopt-validation"
40,32,10000,0,0,1,0,0,0.200000,1,100,1,0.300000,0.92758621,0.92758621,0.69004000,807,63,0,870,"model=mine,scope=dataset,dataset=3,phase=preopt-test"
40,32,10000,0,0,1,0,0,0.200000,1,100,1,0.300000,0.84711538,0.00000000,0.00000000,0,0,0,0,"model=mine,scope=overall,phase=preopt-validation"
40,32,10000,0,0,1,0,0,0.200000,1,100,1,0.300000,0.94195402,0.00000000,0.00000000,0,0,0,0,"model=mine,scope=overall,phase=preopt-test"
40,32,10000,0,0,1,0,0,0.200000,1,100,1,0.300000,0.85461538,0.85461538,0.61124000,1111,189,0,1300,"model=mine,scope=dataset,dataset=0,phase=preopt-validation"
40,32,10000,0,0,1,0,0,0.200000,1,100,1,0.300000,0.98850575,0.98850575,0.61124000,860,10,0,870,"model=mine,scope=dataset,dataset=0,phase=preopt-test"
40,32,10000,0,0,1,0,0,0.200000,1,100,1,0.300000,0.83384615,0.83384615,0.91220000,1084,216,0,1300,"model=mine,scope=dataset,dataset=1,phase=preopt-validation"
40,32,10000,0,0,1,0,0,0.200000,1,100,1,0.300000,0.98390805,0.98390805,0.91220000,856,14,0,870,"model=mine,scope=dataset,dataset=1,phase=preopt-test"
40,32,10000,0,0,1,0,0,0.200000,1,100,1,0.300000,0.79615385,0.79615385,0.61300000,1035,265,0,1300,"model=mine,scope=dataset,dataset=2,phase=preopt-validation"
40,32,10000,0,0,1,0,0,0.200000,1,100,1,0.300000,0.86206897,0.86206897,0.61300000,750,120,0,870,"model=mine,scope=dataset,dataset=2,phase=preopt-test"
40,32,10000,0,0,1,0,0,0.200000,1,100,1,0.300000,0.92000000,0.92000000,0.68004000,1196,104,0,1300,"model=mine,scope=dataset,dataset=3,phase=preopt-validation"
40,32,10000,0,0,1,0,0,0.200000,1,100,1,0.300000,0.92988506,0.92988506,0.68004000,809,61,0,870,"model=mine,scope=dataset,dataset=3,phase=preopt-test"
40,32,10000,0,0,1,0,0,0.200000,1,100,1,0.300000,0.85115385,0.00000000,0.00000000,0,0,0,0,"model=mine,scope=overall,phase=preopt-validation"
40,32,10000,0,0,1,0,0,0.200000,1,100,1,0.300000,0.94109195,0.00000000,0.00000000,0,0,0,0,"model=mine,scope=overall,phase=preopt-test"
40,32,10000,0,0,1,0,0,0.200000,1,100,1,0.300000,0.83538462,0.83538462,0.60308000,1086,214,0,1300,"model=mine,scope=dataset,dataset=0,phase=preopt-validation"
40,32,10000,0,0,1,0,0,0.200000,1,100,1,0.300000,0.98620690,0.98620690,0.60308000,858,12,0,870,"model=mine,scope=dataset,dataset=0,phase=preopt-test"
40,32,10000,0,0,1,0,0,0.200000,1,100,1,0.300000,0.83384615,0.83384615,0.91596000,1084,216,0,1300,"model=mine,scope=dataset,dataset=1,phase=preopt-validation"
40,32,10000,0,0,1,0,0,0.200000,1,100,1,0.300000,0.98505747,0.98505747,0.91596000,857,13,0,870,"model=mine,scope=dataset,dataset=1,phase=preopt-test"
40,32,10000,0,0,1,0,0,0.200000,1,100,1,0.300000,0.80153846,0.80153846,0.61288000,1042,258,0,1300,"model=mine,scope=dataset,dataset=2,phase=preopt-validation"
40,32,10000,0,0,1,0,0,0.200000,1,100,1,0.300000,0.86321839,0.86321839,0.61288000,751,119,0,870,"model=mine,scope=dataset,dataset=2,phase=preopt-test"
40,32,10000,0,0,1,0,0,0.200000,1,100,1,0.300000,0.92230769,0.92230769,0.67888000,1199,101,0,1300,"model=mine,scope=dataset,dataset=3,phase=preopt-validation"
40,32,10000,0,0,1,0,0,0.200000,1,100,1,0.300000,0.92988506,0.92988506,0.67888000,809,61,0,870,"model=mine,scope=dataset,dataset=3,phase=preopt-test"
40,32,10000,0,0,1,0,0,0.200000,1,100,1,0.300000,0.84826923,0.00000000,0.00000000,0,0,0,0,"model=mine,scope=overall,phase=preopt-validation"
40,32,10000,0,0,1,0,0,0.200000,1,100,1,0.300000,0.94109195,0.00000000,0.00000000,0,0,0,0,"model=mine,scope=overall,phase=preopt-test"
40,32,10000,0,0,1,0,0,0.200000,2,100,1,0.300000,0.86297152,0.86278586,0.40568000,1121,176,2,1299,"model=mine,scope=dataset,dataset=0,phase=preopt-validation"
40,32,10000,0,0,1,0,0,0.200000,2,100,1,0.300000,0.98734177,0.98729653,0.40568000,858,9,2,869,"model=mine,scope=dataset,dataset=0,phase=preopt-test"
40,32,10000,0,0,1,0,0,0.200000,2,100,1,0.300000,0.83063895,0.83036234,0.84460000,1079,217,3,1299,"model=mine,scope=dataset,dataset=1,phase=preopt-validation"
40,32,10000,0,0,1,0,0,0.200000,2,100,1,0.300000,0.98964327,0.98961531,0.84460000,860,7,2,869,"model=mine,scope=dataset,dataset=1,phase=preopt-test"
40,32,10000,0,0,1,0,0,0.200000,2,100,1,0.300000,0.79522710,0.79485001,0.41024000,1033,265,1,1299,"model=mine,scope=dataset,dataset=2,phase=preopt-validation"
40,32,10000,0,0,1,0,0,0.200000,2,100,1,0.300000,0.85500575,0.85436184,0.41024000,743,122,4,869,"model=mine,scope=dataset,dataset=2,phase=preopt-test"
40,32,10000,0,0,1,0,0,0.200000,2,100,1,0.300000,0.92917629,0.92920998,0.49096000,1207,90,2,1299,"model=mine,scope=dataset,dataset=3,phase=preopt-validation"
40,32,10000,0,0,1,0,0,0.200000,2,100,1,0.300000,0.94706559,0.94711979,0.49096000,823,43,3,869,"model=mine,scope=dataset,dataset=3,phase=preopt-test"
40,32,10000,0,0,1,0,0,0.200000,2,100,1,0.300000,0.85450346,0.00000000,0.00000000,0,0,0,0,"model=mine,scope=overall,phase=preopt-validation"
40,32,10000,0,0,1,0,0,0.200000,2,100,1,0.300000,0.94476410,0.00000000,0.00000000,0,0,0,0,"model=mine,scope=overall,phase=preopt-test"
40,32,10000,0,0,1,0,0,0.200000,2,100,1,0.300000,0.86682063,0.86662608,0.40300000,1126,172,1,1299,"model=mine,scope=dataset,dataset=0,phase=preopt-validation"
40,32,10000,0,0,1,0,0,0.200000,2,100,1,0.300000,0.98734177,0.98729653,0.40300000,858,9,2,869,"model=mine,scope=dataset,dataset=0,phase=preopt-test"
40,32,10000,0,0,1,0,0,0.200000,2,100,1,0.300000,0.84218630,0.84195723,0.84456000,1094,202,3,1299,"model=mine,scope=dataset,dataset=1,phase=preopt-validation"
40,32,10000,0,0,1,0,0,0.200000,2,100,1,0.300000,0.98964327,0.98961531,0.84456000,860,7,2,869,"model=mine,scope=dataset,dataset=1,phase=preopt-test"
40,32,10000,0,0,1,0,0,0.200000,2,100,1,0.300000,0.78598922,0.78561628,0.41724000,1021,276,2,1299,"model=mine,scope=dataset,dataset=2,phase=preopt-validation"
40,32,10000,0,0,1,0,0,0.200000,2,100,1,0.300000,0.85270426,0.85204970,0.41724000,741,124,4,869,"model=mine,scope=dataset,dataset=2,phase=preopt-test"
40,32,10000,0,0,1,0,0,0.200000,2,100,1,0.300000,0.92532717,0.92534601,0.49240000,1202,95,2,1299,"model=mine,scope=dataset,dataset=3,phase=preopt-validation"
40,32,10000,0,0,1,0,0,0.200000,2,100,1,0.300000,0.94591484,0.94597037,0.49240000,822,45,2,869,"model=mine,scope=dataset,dataset=3,phase=preopt-test"
40,32,10000,0,0,1,0,0,0.200000,2,100,1,0.300000,0.85508083,0.00000000,0.00000000,0,0,0,0,"model=mine,scope=overall,phase=preopt-validation"
40,32,10000,0,0,1,0,0,0.200000,2,100,1,0.300000,0.94390104,0.00000000,0.00000000,0,0,0,0,"model=mine,scope=overall,phase=preopt-test"
40,32,10000,0,0,1,0,0,0.200000,2,100,1,0.300000,0.85681293,0.85664093,0.39692000,1113,185,1,1299,"model=mine,scope=dataset,dataset=0,phase=preopt-validation"
40,32,10000,0,0,1,0,0,0.200000,2,100,1,0.300000,0.98964327,0.98960866,0.39692000,860,7,2,869,"model=mine,scope=dataset,dataset=0,phase=preopt-test"
40,32,10000,0,0,1,0,0,0.200000,2,100,1,0.300000,0.84295612,0.84272646,0.85640000,1095,201,3,1299,"model=mine,scope=dataset,dataset=1,phase=preopt-validation"
40,32,10000,0,0,1,0,0,0.200000,2,100,1,0.300000,0.98504028,0.98501761,0.85640000,856,11,2,869,"model=mine,scope=dataset,dataset=1,phase=preopt-test"
40,32,10000,0,0,1,0,0,0.200000,2,100,1,0.300000,0.79984604,0.79947728,0.42088000,1039,258,2,1299,"model=mine,scope=dataset,dataset=2,phase=preopt-validation"
40,32,10000,0,0,1,0,0,0.200000,2,100,1,0.300000,0.85845800,0.85782340,0.42088000,746,120,3,869,"model=mine,scope=dataset,dataset=2,phase=preopt-test"
40,32,10000,0,0,1,0,0,0.200000,2,100,1,0.300000,0.93225558,0.93228987,0.49220000,1211,86,2,1299,"model=mine,scope=dataset,dataset=3,phase=preopt-validation"
40,32,10000,0,0,1,0,0,0.200000,2,100,1,0.300000,0.94246260,0.94252209,0.49220000,819,48,2,869,"model=mine,scope=dataset,dataset=3,phase=preopt-test"
40,32,10000,0,0,1,0,0,0.200000,2,100,1,0.300000,0.85796767,0.00000000,0.00000000,0,0,0,0,"model=mine,scope=overall,phase=preopt-validation"
40,32,10000,0,0,1,0,0,0.200000,2,100,1,0.300000,0.94390104,0.00000000,0.00000000,0,0,0,0,"model=mine,scope=overall,phase=preopt-test"
40,32,10000,0,0,1,0,0,0.200000,2,100,1,0.300000,0.87143957,0.87125334,0.40636000,1132,165,2,1299,"model=mine,scope=dataset,dataset=0,phase=preopt-validation"
40,32,10000,0,0,1,0,0,0.200000,2,100,1,0.300000,0.98964327,0.98960866,0.40636000,860,7,2,869,"model=mine,scope=dataset,dataset=0,phase=preopt-test"
40,32,10000,0,0,1,0,0,0.200000,2,100,1,0.300000,0.84372594,0.84349569,0.83880000,1096,200,3,1299,"model=mine,scope=dataset,dataset=1,phase=preopt-validation"
40,32,10000,0,0,1,0,0,0.200000,2,100,1,0.300000,0.98964327,0.98961531,0.83880000,860,7,2,869,"model=mine,scope=dataset,dataset=1,phase=preopt-test"
40,32,10000,0,0,1,0,0,0.200000,2,100,1,0.300000,0.79060816,0.79023166,0.41232000,1027,270,2,1299,"model=mine,scope=dataset,dataset=2,phase=preopt-validation"
40,32,10000,0,0,1,0,0,0.200000,2,100,1,0.300000,0.85155351,0.85089363,0.41232000,740,125,4,869,"model=mine,scope=dataset,dataset=2,phase=preopt-test"
40,32,10000,0,0,1,0,0,0.200000,2,100,1,0.300000,0.93764434,0.93767152,0.48076000,1218,79,2,1299,"model=mine,scope=dataset,dataset=3,phase=preopt-validation"
40,32,10000,0,0,1,0,0,0.200000,2,100,1,0.300000,0.95281933,0.95286692,0.48076000,828,38,3,869,"model=mine,scope=dataset,dataset=3,phase=preopt-test"
40,32,10000,0,0,1,0,0,0.200000,2,100,1,0.300000,0.86085450,0.00000000,0.00000000,0,0,0,0,"model=mine,scope=overall,phase=preopt-validation"
40,32,10000,0,0,1,0,0,0.200000,2,100,1,0.300000,0.94591484,0.00000000,0.00000000,0,0,0,0,"model=mine,scope=overall,phase=preopt-test"
40,32,10000,0,0,1,0,0,0.200000,2,100,1,0.300000,0.84911470,0.84893080,0.39456000,1103,194,2,1299,"model=mine,scope=dataset,dataset=0,phase=preopt-validation"
40,32,10000,0,0,1,0,0,0.200000,2,100,1,0.300000,0.98388953,0.98382832,0.39456000,855,12,2,869,"model=mine,scope=dataset,dataset=0,phase=preopt-test"
40,32,10000,0,0,1,0,0,0.200000,2,100,1,0.300000,0.83294842,0.83267003,0.84308000,1082,214,3,1299,"model=mine,scope=dataset,dataset=1,phase=preopt-validation"
40,32,10000,0,0,1,0,0,0.200000,2,100,1,0.300000,0.98504028,0.98499767,0.84308000,856,11,2,869,"model=mine,scope=dataset,dataset=1,phase=preopt-test"
40,32,10000,0,0,1,0,0,0.200000,2,100,1,0.300000,0.79368745,0.79331749,0.40868000,1031,266,2,1299,"model=mine,scope=dataset,dataset=2,phase=preopt-validation"
40,32,10000,0,0,1,0,0,0.200000,2,100,1,0.300000,0.85500575,0.85436184,0.40868000,743,122,4,869,"model=mine,scope=dataset,dataset=2,phase=preopt-test"
40,32,10000,0,0,1,0,0,0.200000,2,100,1,0.300000,0.93225558,0.93228690,0.48236000,1211,87,1,1299,"model=mine,scope=dataset,dataset=3,phase=preopt-validation"
40,32,10000,0,0,1,0,0,0.200000,2,100,1,0.300000,0.94246260,0.94252209,0.48236000,819,47,3,869,"model=mine,scope=dataset,dataset=3,phase=preopt-test"
40,32,10000,0,0,1,0,0,0.200000,2,100,1,0.300000,0.85200154,0.00000000,0.00000000,0,0,0,0,"model=mine,scope=overall,phase=preopt-validation"
40,32,10000,0,0,1,0,0,0.200000,2,100,1,0.300000,0.94159954,0.00000000,0.00000000,0,0,0,0,"model=mine,scope=overall,phase=preopt-test"
40,32,10000,0,0,1,0,0,0.200000,3,100,1,0.300000,0.87057011,0.87048708,0.28660000,1130,166,2,1298,"model=mine,scope=dataset,dataset=0,phase=preopt-validation"
40,32,10000,0,0,1,0,0,0.200000,3,100,1,0.300000,0.98963134,0.98959538,0.28660000,859,9,0,868,"model=mine,scope=dataset,dataset=0,phase=preopt-test"
40,32,10000,0,0,1,0,0,0.200000,3,100,1,0.300000,0.83050847,0.83036234,0.78288000,1078,217,3,1298,"model=mine,scope=dataset,dataset=1,phase=preopt-validation"
40,32,10000,0,0,1,0,0,0.200000,3,100,1,0.300000,0.99078341,0.99076473,0.78288000,860,6,2,868,"model=mine,scope=dataset,dataset=1,phase=preopt-test"
40,32,10000,0,0,1,0,0,0.200000,3,100,1,0.300000,0.79892142,0.79869320,0.29904000,1037,260,1,1298,"model=mine,scope=dataset,dataset=2,phase=preopt-validation"
40,32,10000,0,0,1,0,0,0.200000,3,100,1,0.300000,0.85368664,0.85317919,0.29904000,741,127,0,868,"model=mine,scope=dataset,dataset=2,phase=preopt-test"
40,32,10000,0,0,1,0,0,0.200000,3,100,1,0.300000,0.94144838,0.94132462,0.36784000,1222,74,2,1298,"model=mine,scope=dataset,dataset=3,phase=preopt-validation"
40,32,10000,0,0,1,0,0,0.200000,3,100,1,0.300000,0.95506912,0.95491994,0.36784000,829,38,1,868,"model=mine,scope=dataset,dataset=3,phase=preopt-test"
40,32,10000,0,0,1,0,0,0.200000,3,100,1,0.300000,0.86036210,0.00000000,0.00000000,0,0,0,0,"model=mine,scope=overall,phase=preopt-validation"
40,32,10000,0,0,1,0,0,0.200000,3,100,1,0.300000,0.94729263,0.00000000,0.00000000,0,0,0,0,"model=mine,scope=overall,phase=preopt-test"
40,32,10000,0,0,1,0,0,0.200000,3,100,1,0.300000,0.87134052,0.87125037,0.27976000,1131,165,2,1298,"model=mine,scope=dataset,dataset=0,phase=preopt-validation"
40,32,10000,0,0,1,0,0,0.200000,3,100,1,0.300000,0.98963134,0.98959538,0.27976000,859,9,0,868,"model=mine,scope=dataset,dataset=0,phase=preopt-test"
40,32,10000,0,0,1,0,0,0.200000,3,100,1,0.300000,0.84283513,0.84271458,0.78296000,1094,201,3,1298,"model=mine,scope=dataset,dataset=1,phase=preopt-validation"
40,32,10000,0,0,1,0,0,0.200000,3,100,1,0.300000,0.99078341,0.99076473,0.78296000,860,6,2,868,"model=mine,scope=dataset,dataset=1,phase=preopt-test"
40,32,10000,0,0,1,0,0,0.200000,3,100,1,0.300000,0.79198767,0.79177012,0.30336000,1028,269,1,1298,"model=mine,scope=dataset,dataset=2,phase=preopt-validation"
40,32,10000,0,0,1,0,0,0.200000,3,100,1,0.300000,0.85023041,0.84971098,0.30336000,738,130,0,868,"model=mine,scope=dataset,dataset=2,phase=preopt-test"
40,32,10000,0,0,1,0,0,0.200000,3,100,1,0.300000,0.93836672,0.93823285,0.36288000,1218,78,2,1298,"model=mine,scope=dataset,dataset=3,phase=preopt-validation"
40,32,10000,0,0,1,0,0,0.200000,3,100,1,0.300000,0.95967742,0.95954422,0.36288000,833,35,0,868,"model=mine,scope=dataset,dataset=3,phase=preopt-test"
40,32,10000,0,0,1,0,0,0.200000,3,100,1,0.300000,0.86113251,0.00000000,0.00000000,0,0,0,0,"model=mine,scope=overall,phase=preopt-validation"
40,32,10000,0,0,1,0,0,0.200000,3,100,1,0.300000,0.94758065,0.00000000,0.00000000,0,0,0,0,"model=mine,scope=overall,phase=preopt-test"
40,32,10000,0,0,1,0,0,0.200000,3,100,1,0.300000,0.86209553,0.86203445,0.26448000,1119,177,2,1298,"model=mine,scope=dataset,dataset=0,phase=preopt-validation"
40,32,10000,0,0,1,0,0,0.200000,3,100,1,0.300000,0.99193548,0.99190751,0.26448000,861,7,0,868,"model=mine,scope=dataset,dataset=0,phase=preopt-test"
40,32,10000,0,0,1,0,0,0.200000,3,100,1,0.300000,0.83590139,0.83576181,0.79700000,1085,211,2,1298,"model=mine,scope=dataset,dataset=1,phase=preopt-validation"
40,32,10000,0,0,1,0,0,0.200000,3,100,1,0.300000,0.99423963,0.99422630,0.79700000,863,4,1,868,"model=mine,scope=dataset,dataset=1,phase=preopt-test"
40,32,10000,0,0,1,0,0,0.200000,3,100,1,0.300000,0.79892142,0.79869320,0.29832000,1037,261,0,1298,"model=mine,scope=dataset,dataset=2,phase=preopt-validation"
40,32,10000,0,0,1,0,0,0.200000,3,100,1,0.300000,0.85829493,0.85780347,0.29832000,745,123,0,868,"model=mine,scope=dataset,dataset=2,phase=preopt-test"
40,32,10000,0,0,1,0,0,0.200000,3,100,1,0.300000,0.94838213,0.94827443,0.36024000,1231,65,2,1298,"model=mine,scope=dataset,dataset=3,phase=preopt-validation"
40,32,10000,0,0,1,0,0,0.200000,3,100,1,0.300000,0.95161290,0.95145173,0.36024000,826,42,0,868,"model=mine,scope=dataset,dataset=3,phase=preopt-test"
40,32,10000,0,0,1,0,0,0.200000,3,100,1,0.300000,0.86132512,0.00000000,0.00000000,0,0,0,0,"model=mine,scope=overall,phase=preopt-validation"
40,32,10000,0,0,1,0,0,0.200000,3,100,1,0.300000,0.94902074,0.00000000,0.00000000,0,0,0,0,"model=mine,scope=overall,phase=preopt-test"
40,32,10000,0,0,1,0,0,0.200000,3,100,1,0.300000,0.88212635,0.88203742,0.28308000,1145,152,1,1298,"model=mine,scope=dataset,dataset=0,phase=preopt-validation"
40,32,10000,0,0,1,0,0,0.200000,3,100,1,0.300000,0.99308756,0.99306358,0.28308000,862,6,0,868,"model=mine,scope=dataset,dataset=0,phase=preopt-test"
40,32,10000,0,0,1,0,0,0.200000,3,100,1,0.300000,0.83127889,0.83111969,0.77564000,1079,217,2,1298,"model=mine,scope=dataset,dataset=1,phase=preopt-validation"
40,32,10000,0,0,1,0,0,0.200000,3,100,1,0.300000,0.98847926,0.98845259,0.77564000,858,9,1,868,"model=mine,scope=dataset,dataset=1,phase=preopt-test"
40,32,10000,0,0,1,0,0,0.200000,3,100,1,0.300000,0.79738059,0.79715474,0.29328000,1035,262,1,1298,"model=mine,scope=dataset,dataset=2,phase=preopt-validation"
40,32,10000,0,0,1,0,0,0.200000,3,100,1,0.300000,0.85138249,0.85086705,0.29328000,739,129,0,868,"model=mine,scope=dataset,dataset=2,phase=preopt-test"
40,32,10000,0,0,1,0,0,0.200000,3,100,1,0.300000,0.95069337,0.95058509,0.35548000,1234,62,2,1298,"model=mine,scope=dataset,dataset=3,phase=preopt-validation"
40,32,10000,0,0,1,0,0,0.200000,3,100,1,0.300000,0.96198157,0.96185636,0.35548000,835,32,1,868,"model=mine,scope=dataset,dataset=3,phase=preopt-test"
40,32,10000,0,0,1,0,0,0.200000,3,100,1,0.300000,0.86536980,0.00000000,0.00000000,0,0,0,0,"model=mine,scope=overall,phase=preopt-validation"
40,32,10000,0,0,1,0,0,0.200000,3,100,1,0.300000,0.94873272,0.00000000,0.00000000,0,0,0,0,"model=mine,scope=overall,phase=preopt-test"
40,32,10000,0,0,1,0,0,0.200000,3,100,1,0.300000,0.85978428,0.85970597,0.27724000,1116,180,2,1298,"model=mine,scope=dataset,dataset=0,phase=preopt-validation"
40,32,10000,0,0,1,0,0,0.200000,3,100,1,0.300000,0.98617512,0.98612717,0.27724000,856,12,0,868,"model=mine,scope=dataset,dataset=0,phase=preopt-test"
40,32,10000,0,0,1,0,0,0.200000,3,100,1,0.300000,0.82973806,0.82958123,0.77956000,1077,219,2,1298,"model=mine,scope=dataset,dataset=1,phase=preopt-validation"
40,32,10000,0,0,1,0,0,0.200000,3,100,1,0.300000,0.98963134,0.98960202,0.77956000,859,8,1,868,"model=mine,scope=dataset,dataset=1,phase=preopt-test"
40,32,10000,0,0,1,0,0,0.200000,3,100,1,0.300000,0.79275809,0.79253935,0.29420000,1029,268,1,1298,"model=mine,scope=dataset,dataset=2,phase=preopt-validation"
40,32,10000,0,0,1,0,0,0.200000,3,100,1,0.300000,0.85599078,0.85549133,0.29420000,743,125,0,868,"model=mine,scope=dataset,dataset=2,phase=preopt-test"
40,32,10000,0,0,1,0,0,0.200000,3,100,1,0.300000,0.94453005,0.94440451,0.35528000,1226,70,2,1298,"model=mine,scope=dataset,dataset=3,phase=preopt-validation"
40,32,10000,0,0,1,0,0,0.200000,3,100,1,0.300000,0.95391705,0.95375723,0.35528000,828,40,0,868,"model=mine,scope=dataset,dataset=3,phase=preopt-test"
40,32,10000,0,0,1,0,0,0.200000,3,100,1,0.300000,0.85670262,0.00000000,0.00000000,0,0,0,0,"model=mine,scope=overall,phase=preopt-validation"
40,32,10000,0,0,1,0,0,0.200000,3,100,1,0.300000,0.94642857,0.00000000,0.00000000,0,0,0,0,"model=mine,scope=overall,phase=preopt-test"
40,32,10000,0,0,1,0,0,0.200000,4,100,1,0.300000,0.87740941,0.87717055,0.20572000,1138,156,3,1297,"model=mine,scope=dataset,dataset=0,phase=preopt-validation"
40,32,10000,0,0,1,0,0,0.200000,4,100,1,0.300000,0.98615917,0.98607996,0.20572000,855,9,3,867,"model=mine,scope=dataset,dataset=0,phase=preopt-test"
40,32,10000,0,0,1,0,0,0.200000,4,100,1,0.300000,0.83346184,0.83306203,0.72976000,1081,211,5,1297,"model=mine,scope=dataset,dataset=1,phase=preopt-validation"
40,32,10000,0,0,1,0,0,0.200000,4,100,1,0.300000,0.97808535,0.97794707,0.72976000,848,16,3,867,"model=mine,scope=dataset,dataset=1,phase=preopt-test"
40,32,10000,0,0,1,0,0,0.200000,4,100,1,0.300000,0.80570547,0.80507753,0.21872000,1045,250,2,1297,"model=mine,scope=dataset,dataset=2,phase=preopt-validation"
40,32,10000,0,0,1,0,0,0.200000,4,100,1,0.300000,0.84659746,0.84539565,0.21872000,734,129,4,867,"model=mine,scope=dataset,dataset=2,phase=preopt-test"
40,32,10000,0,0,1,0,0,0.200000,4,100,1,0.300000,0.94988435,0.94980990,0.28288000,1232,62,3,1297,"model=mine,scope=dataset,dataset=3,phase=preopt-validation"
40,32,10000,0,0,1,0,0,0.200000,4,100,1,0.300000,0.95732411,0.95723872,0.28288000,830,33,4,867,"model=mine,scope=dataset,dataset=3,phase=preopt-test"
40,32,10000,0,0,1,0,0,0.200000,4,100,1,0.300000,0.86661527,0.00000000,0.00000000,0,0,0,0,"model=mine,scope=overall,phase=preopt-validation"
40,32,10000,0,0,1,0,0,0.200000,4,100,1,0.300000,0.94204152,0.00000000,0.00000000,0,0,0,0,"model=mine,scope=overall,phase=preopt-test"
40,32,10000,0,0,1,0,0,0.200000,4,100,1,0.300000,0.87818042,0.87789804,0.20032000,1139,155,3,1297,"model=mine,scope=dataset,dataset=0,phase=preopt-validation"
40,32,10000,0,0,1,0,0,0.200000,4,100,1,0.300000,0.98731257,0.98722267,0.20032000,856,10,1,867,"model=mine,scope=dataset,dataset=0,phase=preopt-test"
40,32,10000,0,0,1,0,0,0.200000,4,100,1,0.300000,0.85505012,0.85474657,0.72984000,1109,185,3,1297,"model=mine,scope=dataset,dataset=1,phase=preopt-validation"
40,32,10000,0,0,1,0,0,0.200000,4,100,1,0.300000,0.97577855,0.97560813,0.72984000,846,19,2,867,"model=mine,scope=dataset,dataset=1,phase=preopt-test"
40,32,10000,0,0,1,0,0,0.200000,4,100,1,0.300000,0.79336931,0.79276984,0.22648000,1029,266,2,1297,"model=mine,scope=dataset,dataset=2,phase=preopt-validation"
40,32,10000,0,0,1,0,0,0.200000,4,100,1,0.300000,0.84659746,0.84539565,0.22648000,734,129,4,867,"model=mine,scope=dataset,dataset=2,phase=preopt-test"
40,32,10000,0,0,1,0,0,0.200000,4,100,1,0.300000,0.94911334,0.94903173,0.27748000,1231,64,2,1297,"model=mine,scope=dataset,dataset=3,phase=preopt-validation"
40,32,10000,0,0,1,0,0,0.200000,4,100,1,0.300000,0.95847751,0.95839479,0.27748000,831,33,3,867,"model=mine,scope=dataset,dataset=3,phase=preopt-test"
40,32,10000,0,0,1,0,0,0.200000,4,100,1,0.300000,0.86892830,0.00000000,0.00000000,0,0,0,0,"model=mine,scope=overall,phase=preopt-validation"
40,32,10000,0,0,1,0,0,0.200000,4,100,1,0.300000,0.94204152,0.00000000,0.00000000,0,0,0,0,"model=mine,scope=overall,phase=preopt-test"
40,32,10000,0,0,1,0,0,0.200000,4,100,1,0.300000,0.86815729,0.86792190,0.18556000,1126,168,3,1297,"model=mine,scope=dataset,dataset=0,phase=preopt-validation"
40,32,10000,0,0,1,0,0,0.200000,4,100,1,0.300000,0.99077278,0.99072441,0.18556000,859,6,2,867,"model=mine,scope=dataset,dataset=0,phase=preopt-test"
40,32,10000,0,0,1,0,0,0.200000,4,100,1,0.300000,0.84271396,0.84234050,0.74476000,1093,199,5,1297,"model=mine,scope=dataset,dataset=1,phase=preopt-validation"
40,32,10000,0,0,1,0,0,0.200000,4,100,1,0.300000,0.99423299,0.99421278,0.74476000,862,3,2,867,"model=mine,scope=dataset,dataset=1,phase=preopt-test"
40,32,10000,0,0,1,0,0,0.200000,4,100,1,0.300000,0.79953739,0.79892665,0.21848000,1037,259,1,1297,"model=mine,scope=dataset,dataset=2,phase=preopt-validation"
40,32,10000,0,0,1,0,0,0.200000,4,100,1,0.300000,0.84775087,0.84654508,0.21848000,735,129,3,867,"model=mine,scope=dataset,dataset=2,phase=preopt-test"
40,32,10000,0,0,1,0,0,0.200000,4,100,1,0.300000,0.94988435,0.94981289,0.27228000,1232,62,3,1297,"model=mine,scope=dataset,dataset=3,phase=preopt-validation"
40,32,10000,0,0,1,0,0,0.200000,4,100,1,0.300000,0.95386390,0.95377051,0.27228000,827,37,3,867,"model=mine,scope=dataset,dataset=3,phase=preopt-test"
40,32,10000,0,0,1,0,0,0.200000,4,100,1,0.300000,0.86507325,0.00000000,0.00000000,0,0,0,0,"model=mine,scope=overall,phase=preopt-validation"
40,32,10000,0,0,1,0,0,0.200000,4,100,1,0.300000,0.94665513,0.00000000,0.00000000,0,0,0,0,"model=mine,scope=overall,phase=preopt-test"
40,32,10000,0,0,1,0,0,0.200000,4,100,1,0.300000,0.88589052,0.88562314,0.19696000,1149,146,2,1297,"model=mine,scope=dataset,dataset=0,phase=preopt-validation"
40,32,10000,0,0,1,0,0,0.200000,4,100,1,0.300000,0.98846597,0.98839882,0.19696000,857,8,2,867,"model=mine,scope=dataset,dataset=0,phase=preopt-test"
40,32,10000,0,0,1,0,0,0.200000,4,100,1,0.300000,0.84271396,0.84231069,0.71832000,1093,200,4,1297,"model=mine,scope=dataset,dataset=1,phase=preopt-validation"
40,32,10000,0,0,1,0,0,0.200000,4,100,1,0.300000,0.99192618,0.99188720,0.71832000,860,5,2,867,"model=mine,scope=dataset,dataset=1,phase=preopt-test"
40,32,10000,0,0,1,0,0,0.200000,4,100,1,0.300000,0.80030840,0.79969292,0.21268000,1038,257,2,1297,"model=mine,scope=dataset,dataset=2,phase=preopt-validation"
40,32,10000,0,0,1,0,0,0.200000,4,100,1,0.300000,0.84429066,0.84307007,0.21268000,732,131,4,867,"model=mine,scope=dataset,dataset=2,phase=preopt-test"
40,32,10000,0,0,1,0,0,0.200000,4,100,1,0.300000,0.95528142,0.95521233,0.27400000,1239,55,3,1297,"model=mine,scope=dataset,dataset=3,phase=preopt-validation"
40,32,10000,0,0,1,0,0,0.200000,4,100,1,0.300000,0.96193772,0.96186300,0.27400000,834,29,4,867,"model=mine,scope=dataset,dataset=3,phase=preopt-test"
40,32,10000,0,0,1,0,0,0.200000,4,100,1,0.300000,0.87104857,0.00000000,0.00000000,0,0,0,0,"model=mine,scope=overall,phase=preopt-validation"
40,32,10000,0,0,1,0,0,0.200000,4,100,1,0.300000,0.94665513,0.00000000,0.00000000,0,0,0,0,"model=mine,scope=overall,phase=preopt-test"
40,32,10000,0,0,1,0,0,0.200000,4,100,1,0.300000,0.86815729,0.86785927,0.20172000,1126,169,2,1297,"model=mine,scope=dataset,dataset=0,phase=preopt-validation"
40,32,10000,0,0,1,0,0,0.200000,4,100,1,0.300000,0.98385236,0.98374766,0.20172000,853,12,2,867,"model=mine,scope=dataset,dataset=0,phase=preopt-test"
40,32,10000,0,0,1,0,0,0.200000,4,100,1,0.300000,0.83885891,0.83846453,0.72336000,1088,205,4,1297,"model=mine,scope=dataset,dataset=1,phase=preopt-validation"
40,32,10000,0,0,1,0,0,0.200000,4,100,1,0.300000,0.99192618,0.99188720,0.72336000,860,5,2,867,"model=mine,scope=dataset,dataset=1,phase=preopt-test"
40,32,10000,0,0,1,0,0,0.200000,4,100,1,0.300000,0.79876638,0.79815445,0.21876000,1036,259,2,1297,"model=mine,scope=dataset,dataset=2,phase=preopt-validation"
40,32,10000,0,0,1,0,0,0.200000,4,100,1,0.300000,0.84890427,0.84772124,0.21876000,736,127,4,867,"model=mine,scope=dataset,dataset=2,phase=preopt-test"
40,32,10000,0,0,1,0,0,0.200000,4,100,1,0.300000,0.94911334,0.94903473,0.27140000,1231,63,3,1297,"model=mine,scope=dataset,dataset=3,phase=preopt-validation"
40,32,10000,0,0,1,0,0,0.200000,4,100,1,0.300000,0.95386390,0.95377051,0.27140000,827,36,4,867,"model=mine,scope=dataset,dataset=3,phase=preopt-test"
40,32,10000,0,0,1,0,0,0.200000,4,100,1,0.300000,0.86372398,0.00000000,0.00000000,0,0,0,0,"model=mine,scope=overall,phase=preopt-validation"
40,32,10000,0,0,1,0,0,0.200000,4,100,1,0.300000,0.94463668,0.00000000,0.00000000,0,0,0,0,"model=mine,scope=overall,phase=preopt-test"
40,32,10000,0,0,1,0,0,0.200000,5,100,1,0.300000,0.87962963,0.87947525,0.15004000,1140,153,3,1296,"model=mine,scope=dataset,dataset=0,phase=preopt-validation"
40,32,10000,0,0,1,0,0,0.200000,5,100,1,0.300000,0.98960739,0.98953488,0.15004000,857,9,0,866,"model=mine,scope=dataset,dataset=0,phase=preopt-test"
40,32,10000,0,0,1,0,0,0.200000,5,100,1,0.300000,0.83564815,0.83538462,0.68272000,1083,208,5,1296,"model=mine,scope=dataset,dataset=1,phase=preopt-validation"
40,32,10000,0,0,1,0,0,0.200000,5,100,1,0.300000,0.98383372,0.98374766,0.68272000,852,12,2,866,"model=mine,scope=dataset,dataset=1,phase=preopt-test"
40,32,10000,0,0,1,0,0,0.200000,5,100,1,0.300000,0.81250000,0.81199761,0.17288000,1053,240,3,1296,"model=mine,scope=dataset,dataset=2,phase=preopt-validation"
40,32,10000,0,0,1,0,0,0.200000,5,100,1,0.300000,0.84757506,0.84651163,0.17288000,734,132,0,866,"model=mine,scope=dataset,dataset=2,phase=preopt-test"
40,32,10000,0,0,1,0,0,0.200000,5,100,1,0.300000,0.95524691,0.95504472,0.22448000,1238,55,3,1296,"model=mine,scope=dataset,dataset=3,phase=preopt-validation"
40,32,10000,0,0,1,0,0,0.200000,5,100,1,0.300000,0.97113164,0.97093023,0.22448000,841,23,2,866,"model=mine,scope=dataset,dataset=3,phase=preopt-test"
40,32,10000,0,0,1,0,0,0.200000,5,100,1,0.300000,0.87075617,0.00000000,0.00000000,0,0,0,0,"model=mine,scope=overall,phase=preopt-validation"
40,32,10000,0,0,1,0,0,0.200000,5,100,1,0.300000,0.94803695,0.00000000,0.00000000,0,0,0,0,"model=mine,scope=overall,phase=preopt-test"
40,32,10000,0,0,1,0,0,0.200000,5,100,1,0.300000,0.88425926,0.88407275,0.14804000,1146,146,4,1296,"model=mine,scope=dataset,dataset=0,phase=preopt-validation"
40,32,10000,0,0,1,0,0,0.200000,5,100,1,0.300000,0.99076212,0.99069767,0.14804000,858,8,0,866,"model=mine,scope=dataset,dataset=0,phase=preopt-test"
40,32,10000,0,0,1,0,0,0.200000,5,100,1,0.300000,0.84645062,0.84623137,0.68352000,1097,194,5,1296,"model=mine,scope=dataset,dataset=1,phase=preopt-validation"
40,32,10000,0,0,1,0,0,0.200000,5,100,1,0.300000,0.96535797,0.96514301,0.68352000,836,27,3,866,"model=mine,scope=dataset,dataset=1,phase=preopt-test"
40,32,10000,0,0,1,0,0,0.200000,5,100,1,0.300000,0.80401235,0.80354204,0.16860000,1042,253,1,1296,"model=mine,scope=dataset,dataset=2,phase=preopt-validation"
40,32,10000,0,0,1,0,0,0.200000,5,100,1,0.300000,0.84642032,0.84534884,0.16860000,733,132,1,866,"model=mine,scope=dataset,dataset=2,phase=preopt-test"
40,32,10000,0,0,1,0,0,0.200000,5,100,1,0.300000,0.95138889,0.95116875,0.21792000,1233,60,3,1296,"model=mine,scope=dataset,dataset=3,phase=preopt-validation"
40,32,10000,0,0,1,0,0,0.200000,5,100,1,0.300000,0.97228637,0.97209302,0.21792000,842,22,2,866,"model=mine,scope=dataset,dataset=3,phase=preopt-test"
40,32,10000,0,0,1,0,0,0.200000,5,100,1,0.300000,0.87152778,0.00000000,0.00000000,0,0,0,0,"model=mine,scope=overall,phase=preopt-validation"
40,32,10000,0,0,1,0,0,0.200000,5,100,1,0.300000,0.94370670,0.00000000,0.00000000,0,0,0,0,"model=mine,scope=overall,phase=preopt-test"
40,32,10000,0,0,1,0,0,0.200000,5,100,1,0.300000,0.87422840,0.87407871,0.13364000,1133,159,4,1296,"model=mine,scope=dataset,dataset=0,phase=preopt-validation"
40,32,10000,0,0,1,0,0,0.200000,5,100,1,0.300000,0.99307159,0.99302326,0.13364000,860,6,0,866,"model=mine,scope=dataset,dataset=0,phase=preopt-test"
40,32,10000,0,0,1,0,0,0.200000,5,100,1,0.300000,0.84259259,0.84234943,0.69616000,1092,199,5,1296,"model=mine,scope=dataset,dataset=1,phase=preopt-validation"
40,32,10000,0,0,1,0,0,0.200000,5,100,1,0.300000,0.99422633,0.99421278,0.69616000,861,2,3,866,"model=mine,scope=dataset,dataset=1,phase=preopt-test"
40,32,10000,0,0,1,0,0,0.200000,5,100,1,0.300000,0.80324074,0.80277877,0.16828000,1041,254,1,1296,"model=mine,scope=dataset,dataset=2,phase=preopt-validation"
40,32,10000,0,0,1,0,0,0.200000,5,100,1,0.300000,0.84872979,0.84767442,0.16828000,735,130,1,866,"model=mine,scope=dataset,dataset=2,phase=preopt-test"
40,32,10000,0,0,1,0,0,0.200000,5,100,1,0.300000,0.95370370,0.95349434,0.21188000,1236,57,3,1296,"model=mine,scope=dataset,dataset=3,phase=preopt-validation"
40,32,10000,0,0,1,0,0,0.200000,5,100,1,0.300000,0.96766744,0.96744186,0.21188000,838,27,1,866,"model=mine,scope=dataset,dataset=3,phase=preopt-test"
40,32,10000,0,0,1,0,0,0.200000,5,100,1,0.300000,0.86844136,0.00000000,0.00000000,0,0,0,0,"model=mine,scope=overall,phase=preopt-validation"
40,32,10000,0,0,1,0,0,0.200000,5,100,1,0.300000,0.95092379,0.00000000,0.00000000,0,0,0,0,"model=mine,scope=overall,phase=preopt-test"
40,32,10000,0,0,1,0,0,0.200000,5,100,1,0.300000,0.88888889,0.88871199,0.14524000,1152,140,4,1296,"model=mine,scope=dataset,dataset=0,phase=preopt-validation"
40,32,10000,0,0,1,0,0,0.200000,5,100,1,0.300000,0.99076212,0.99069767,0.14524000,858,8,0,866,"model=mine,scope=dataset,dataset=0,phase=preopt-test"
40,32,10000,0,0,1,0,0,0.200000,5,100,1,0.300000,0.84104938,0.84076923,0.66816000,1090,201,5,1296,"model=mine,scope=dataset,dataset=1,phase=preopt-validation"
40,32,10000,0,0,1,0,0,0.200000,5,100,1,0.300000,0.99307159,0.99304999,0.66816000,860,4,2,866,"model=mine,scope=dataset,dataset=1,phase=preopt-test"
40,32,10000,0,0,1,0,0,0.200000,5,100,1,0.300000,0.81481481,0.81431127,0.16276000,1056,238,2,1296,"model=mine,scope=dataset,dataset=2,phase=preopt-validation"
40,32,10000,0,0,1,0,0,0.200000,5,100,1,0.300000,0.84526559,0.84419941,0.16276000,732,132,2,866,"model=mine,scope=dataset,dataset=2,phase=preopt-test"
40,32,10000,0,0,1,0,0,0.200000,5,100,1,0.300000,0.95756173,0.95737030,0.21668000,1241,52,3,1296,"model=mine,scope=dataset,dataset=3,phase=preopt-validation"
40,32,10000,0,0,1,0,0,0.200000,5,100,1,0.300000,0.97344111,0.97325581,0.21668000,843,21,2,866,"model=mine,scope=dataset,dataset=3,phase=preopt-test"
40,32,10000,0,0,1,0,0,0.200000,5,100,1,0.300000,0.87557870,0.00000000,0.00000000,0,0,0,0,"model=mine,scope=overall,phase=preopt-validation"
40,32,10000,0,0,1,0,0,0.200000,5,100,1,0.300000,0.95063510,0.00000000,0.00000000,0,0,0,0,"model=mine,scope=overall,phase=preopt-test"
40,32,10000,0,0,1,0,0,0.200000,5,100,1,0.300000,0.87422840,0.87401908,0.15172000,1133,161,2,1296,"model=mine,scope=dataset,dataset=0,phase=preopt-validation"
40,32,10000,0,0,1,0,0,0.200000,5,100,1,0.300000,0.98614319,0.98604651,0.15172000,854,12,0,866,"model=mine,scope=dataset,dataset=0,phase=preopt-test"
40,32,10000,0,0,1,0,0,0.200000,5,100,1,0.300000,0.83101852,0.83070364,0.67204000,1077,214,5,1296,"model=mine,scope=dataset,dataset=1,phase=preopt-validation"
40,32,10000,0,0,1,0,0,0.200000,5,100,1,0.300000,0.98845266,0.98839882,0.67204000,856,7,3,866,"model=mine,scope=dataset,dataset=1,phase=preopt-test"
40,32,10000,0,0,1,0,0,0.200000,5,100,1,0.300000,0.80787037,0.80739416,0.17240000,1047,248,1,1296,"model=mine,scope=dataset,dataset=2,phase=preopt-validation"
40,32,10000,0,0,1,0,0,0.200000,5,100,1,0.300000,0.85103926,0.85000000,0.17240000,737,128,1,866,"model=mine,scope=dataset,dataset=2,phase=preopt-test"
40,32,10000,0,0,1,0,0,0.200000,5,100,1,0.300000,0.95447531,0.95426953,0.21660000,1237,56,3,1296,"model=mine,scope=dataset,dataset=3,phase=preopt-validation"
40,32,10000,0,0,1,0,0,0.200000,5,100,1,0.300000,0.96766744,0.96744186,0.21660000,838,26,2,866,"model=mine,scope=dataset,dataset=3,phase=preopt-test"
40,32,10000,0,0,1,0,0,0.200000,5,100,1,0.300000,0.86689815,0.00000000,0.00000000,0,0,0,0,"model=mine,scope=overall,phase=preopt-validation"
40,32,10000,0,0,1,0,0,0.200000,5,100,1,0.300000,0.94832564,0.00000000,0.00000000,0,0,0,0,"model=mine,scope=overall,phase=preopt-test"
40,32,10000,0,0,1,0,0,0.200000,6,100,1,0.300000,0.88803089,0.88768931,0.11140000,1150,142,3,1295,"model=mine,scope=dataset,dataset=0,phase=preopt-validation"
40,32,10000,0,0,1,0,0,0.200000,6,100,1,0.300000,0.98843931,0.98834442,0.11140000,855,8,2,865,"model=mine,scope=dataset,dataset=0,phase=preopt-test"
40,32,10000,0,0,1,0,0,0.200000,6,100,1,0.300000,0.83474903,0.83422930,0.64072000,1081,207,7,1295,"model=mine,scope=dataset,dataset=1,phase=preopt-validation"
40,32,10000,0,0,1,0,0,0.200000,6,100,1,0.300000,0.98150289,0.98136721,0.64072000,849,12,4,865,"model=mine,scope=dataset,dataset=1,phase=preopt-test"
40,32,10000,0,0,1,0,0,0.200000,6,100,1,0.300000,0.82471042,0.82377135,0.13740000,1068,224,3,1295,"model=mine,scope=dataset,dataset=2,phase=preopt-validation"
40,32,10000,0,0,1,0,0,0.200000,6,100,1,0.300000,0.84393064,0.84217256,0.13740000,730,131,4,865,"model=mine,scope=dataset,dataset=2,phase=preopt-test"
40,32,10000,0,0,1,0,0,0.200000,6,100,1,0.300000,0.95830116,0.95814550,0.18536000,1241,50,4,1295,"model=mine,scope=dataset,dataset=3,phase=preopt-validation"
40,32,10000,0,0,1,0,0,0.200000,6,100,1,0.300000,0.96763006,0.96746859,0.18536000,837,23,5,865,"model=mine,scope=dataset,dataset=3,phase=preopt-test"
40,32,10000,0,0,1,0,0,0.200000,6,100,1,0.300000,0.87644788,0.00000000,0.00000000,0,0,0,0,"model=mine,scope=overall,phase=preopt-validation"
40,32,10000,0,0,1,0,0,0.200000,6,100,1,0.300000,0.94537572,0.00000000,0.00000000,0,0,0,0,"model=mine,scope=overall,phase=preopt-test"
40,32,10000,0,0,1,0,0,0.200000,6,100,1,0.300000,0.88648649,0.88610897,0.11620000,1148,142,5,1295,"model=mine,scope=dataset,dataset=0,phase=preopt-validation"
40,32,10000,0,0,1,0,0,0.200000,6,100,1,0.300000,0.98843931,0.98834442,0.11620000,855,8,2,865,"model=mine,scope=dataset,dataset=0,phase=preopt-test"
40,32,10000,0,0,1,0,0,0.200000,6,100,1,0.300000,0.84787645,0.84742295,0.64200000,1098,191,6,1295,"model=mine,scope=dataset,dataset=1,phase=preopt-validation"
40,32,10000,0,0,1,0,0,0.200000,6,100,1,0.300000,0.96416185,0.96380319,0.64200000,834,27,4,865,"model=mine,scope=dataset,dataset=1,phase=preopt-test"
40,32,10000,0,0,1,0,0,0.200000,6,100,1,0.300000,0.80772201,0.80684827,0.13420000,1046,245,4,1295,"model=mine,scope=dataset,dataset=2,phase=preopt-validation"
40,32,10000,0,0,1,0,0,0.200000,6,100,1,0.300000,0.84739884,0.84565437,0.13420000,733,130,2,865,"model=mine,scope=dataset,dataset=2,phase=preopt-test"
40,32,10000,0,0,1,0,0,0.200000,6,100,1,0.300000,0.95675676,0.95658915,0.17560000,1239,53,3,1295,"model=mine,scope=dataset,dataset=3,phase=preopt-validation"
40,32,10000,0,0,1,0,0,0.200000,6,100,1,0.300000,0.97225434,0.97211975,0.17560000,841,19,5,865,"model=mine,scope=dataset,dataset=3,phase=preopt-test"
40,32,10000,0,0,1,0,0,0.200000,6,100,1,0.300000,0.87471042,0.00000000,0.00000000,0,0,0,0,"model=mine,scope=overall,phase=preopt-validation"
40,32,10000,0,0,1,0,0,0.200000,6,100,1,0.300000,0.94306358,0.00000000,0.00000000,0,0,0,0,"model=mine,scope=overall,phase=preopt-test"
40,32,10000,0,0,1,0,0,0.200000,6,100,1,0.300000,0.88262548,0.88227180,0.10168000,1143,147,5,1295,"model=mine,scope=dataset,dataset=0,phase=preopt-validation"
40,32,10000,0,0,1,0,0,0.200000,6,100,1,0.300000,0.99537572,0.99534860,0.10168000,861,2,2,865,"model=mine,scope=dataset,dataset=0,phase=preopt-test"
40,32,10000,0,0,1,0,0,0.200000,6,100,1,0.300000,0.84324324,0.84274471,0.65488000,1092,196,7,1295,"model=mine,scope=dataset,dataset=1,phase=preopt-validation"
40,32,10000,0,0,1,0,0,0.200000,6,100,1,0.300000,0.99306358,0.99304295,0.65488000,859,3,3,865,"model=mine,scope=dataset,dataset=1,phase=preopt-test"
40,32,10000,0,0,1,0,0,0.200000,6,100,1,0.300000,0.80849421,0.80761750,0.13292000,1047,245,3,1295,"model=mine,scope=dataset,dataset=2,phase=preopt-validation"
40,32,10000,0,0,1,0,0,0.200000,6,100,1,0.300000,0.84508671,0.84332878,0.13292000,731,130,4,865,"model=mine,scope=dataset,dataset=2,phase=preopt-test"
40,32,10000,0,0,1,0,0,0.200000,6,100,1,0.300000,0.95675676,0.95659511,0.16876000,1239,52,4,1295,"model=mine,scope=dataset,dataset=3,phase=preopt-validation"
40,32,10000,0,0,1,0,0,0.200000,6,100,1,0.300000,0.97341040,0.97328254,0.16876000,842,19,4,865,"model=mine,scope=dataset,dataset=3,phase=preopt-test"
40,32,10000,0,0,1,0,0,0.200000,6,100,1,0.300000,0.87277992,0.00000000,0.00000000,0,0,0,0,"model=mine,scope=overall,phase=preopt-validation"
40,32,10000,0,0,1,0,0,0.200000,6,100,1,0.300000,0.95173410,0.00000000,0.00000000,0,0,0,0,"model=mine,scope=overall,phase=preopt-test"
40,32,10000,0,0,1,0,0,0.200000,6,100,1,0.300000,0.89189189,0.89154445,0.10632000,1155,138,2,1295,"model=mine,scope=dataset,dataset=0,phase=preopt-validation"
40,32,10000,0,0,1,0,0,0.200000,6,100,1,0.300000,0.98959538,0.98949385,0.10632000,856,8,1,865,"model=mine,scope=dataset,dataset=0,phase=preopt-test"
40,32,10000,0,0,1,0,0,0.200000,6,100,1,0.300000,0.83783784,0.83727928,0.62636000,1085,204,6,1295,"model=mine,scope=dataset,dataset=1,phase=preopt-validation"
40,32,10000,0,0,1,0,0,0.200000,6,100,1,0.300000,0.98497110,0.98487598,0.62636000,852,9,4,865,"model=mine,scope=dataset,dataset=1,phase=preopt-test"
40,32,10000,0,0,1,0,0,0.200000,6,100,1,0.300000,0.82548263,0.82454058,0.12904000,1069,225,1,1295,"model=mine,scope=dataset,dataset=2,phase=preopt-validation"
40,32,10000,0,0,1,0,0,0.200000,6,100,1,0.300000,0.84161850,0.83983338,0.12904000,728,133,4,865,"model=mine,scope=dataset,dataset=2,phase=preopt-test"
40,32,10000,0,0,1,0,0,0.200000,6,100,1,0.300000,0.96216216,0.96202147,0.17292000,1246,45,4,1295,"model=mine,scope=dataset,dataset=3,phase=preopt-validation"
40,32,10000,0,0,1,0,0,0.200000,6,100,1,0.300000,0.97687861,0.97677092,0.17292000,845,15,5,865,"model=mine,scope=dataset,dataset=3,phase=preopt-test"
40,32,10000,0,0,1,0,0,0.200000,6,100,1,0.300000,0.87934363,0.00000000,0.00000000,0,0,0,0,"model=mine,scope=overall,phase=preopt-validation"
40,32,10000,0,0,1,0,0,0.200000,6,100,1,0.300000,0.94826590,0.00000000,0.00000000,0,0,0,0,"model=mine,scope=overall,phase=preopt-test"
40,32,10000,0,0,1,0,0,0.200000,6,100,1,0.300000,0.87953668,0.87912304,0.12092000,1139,151,5,1295,"model=mine,scope=dataset,dataset=0,phase=preopt-validation"
40,32,10000,0,0,1,0,0,0.200000,6,100,1,0.300000,0.98728324,0.98717483,0.12092000,854,9,2,865,"model=mine,scope=dataset,dataset=0,phase=preopt-test"
40,32,10000,0,0,1,0,0,0.200000,6,100,1,0.300000,0.83397683,0.83341517,0.62540000,1080,208,7,1295,"model=mine,scope=dataset,dataset=1,phase=preopt-validation"
40,32,10000,0,0,1,0,0,0.200000,6,100,1,0.300000,0.98843931,0.98836459,0.62540000,855,6,4,865,"model=mine,scope=dataset,dataset=1,phase=preopt-test"
40,32,10000,0,0,1,0,0,0.200000,6,100,1,0.300000,0.81930502,0.81838673,0.14232000,1061,232,2,1295,"model=mine,scope=dataset,dataset=2,phase=preopt-validation"
40,32,10000,0,0,1,0,0,0.200000,6,100,1,0.300000,0.84624277,0.84451854,0.14232000,732,128,5,865,"model=mine,scope=dataset,dataset=2,phase=preopt-test"
40,32,10000,0,0,1,0,0,0.200000,6,100,1,0.300000,0.95366795,0.95349434,0.17884000,1235,56,4,1295,"model=mine,scope=dataset,dataset=3,phase=preopt-validation"
40,32,10000,0,0,1,0,0,0.200000,6,100,1,0.300000,0.97109827,0.97094360,0.17884000,840,21,4,865,"model=mine,scope=dataset,dataset=3,phase=preopt-test"
40,32,10000,0,0,1,0,0,0.200000,6,100,1,0.300000,0.87162162,0.00000000,0.00000000,0,0,0,0,"model=mine,scope=overall,phase=preopt-validation"
40,32,10000,0,0,1,0,0,0.200000,6,100,1,0.300000,0.94826590,0.00000000,0.00000000,0,0,0,0,"model=mine,scope=overall,phase=preopt-test"
40,32,10000,0,0,1,0,0,0.200000,7,100,1,0.300000,0.88948995,0.88923676,0.08372000,1151,138,5,1294,"model=mine,scope=dataset,dataset=0,phase=preopt-validation"
40,32,10000,0,0,1,0,0,0.200000,7,100,1,0.300000,0.99189815,0.99181287,0.08372000,857,7,0,864,"model=mine,scope=dataset,dataset=0,phase=preopt-test"
40,32,10000,0,0,1,0,0,0.200000,7,100,1,0.300000,0.83616692,0.83578270,0.60400000,1082,205,7,1294,"model=mine,scope=dataset,dataset=1,phase=preopt-validation"
40,32,10000,0,0,1,0,0,0.200000,7,100,1,0.300000,0.97916667,0.97900786,0.60400000,846,13,5,864,"model=mine,scope=dataset,dataset=1,phase=preopt-test"
40,32,10000,0,0,1,0,0,0.200000,7,100,1,0.300000,0.82534776,0.82454654,0.11144000,1068,222,4,1294,"model=mine,scope=dataset,dataset=2,phase=preopt-validation"
40,32,10000,0,0,1,0,0,0.200000,7,100,1,0.300000,0.84259259,0.84101633,0.11144000,728,133,3,864,"model=mine,scope=dataset,dataset=2,phase=preopt-test"
40,32,10000,0,0,1,0,0,0.200000,7,100,1,0.300000,0.96213292,0.96186770,0.15660000,1245,46,3,1294,"model=mine,scope=dataset,dataset=3,phase=preopt-validation"
40,32,10000,0,0,1,0,0,0.200000,7,100,1,0.300000,0.98032407,0.98011696,0.15660000,847,14,3,864,"model=mine,scope=dataset,dataset=3,phase=preopt-test"
40,32,10000,0,0,1,0,0,0.200000,7,100,1,0.300000,0.87828439,0.00000000,0.00000000,0,0,0,0,"model=mine,scope=overall,phase=preopt-validation"
40,32,10000,0,0,1,0,0,0.200000,7,100,1,0.300000,0.94849537,0.00000000,0.00000000,0,0,0,0,"model=mine,scope=overall,phase=preopt-test"
40,32,10000,0,0,1,0,0,0.200000,7,100,1,0.300000,0.88948995,0.88920084,0.08992000,1151,135,8,1294,"model=mine,scope=dataset,dataset=0,phase=preopt-validation"
40,32,10000,0,0,1,0,0,0.200000,7,100,1,0.300000,0.99189815,0.99181287,0.08992000,857,7,0,864,"model=mine,scope=dataset,dataset=0,phase=preopt-test"
40,32,10000,0,0,1,0,0,0.200000,7,100,1,0.300000,0.84234930,0.84200838,0.60400000,1090,197,7,1294,"model=mine,scope=dataset,dataset=1,phase=preopt-validation"
40,32,10000,0,0,1,0,0,0.200000,7,100,1,0.300000,0.95949074,0.95912482,0.60400000,829,30,5,864,"model=mine,scope=dataset,dataset=1,phase=preopt-test"
40,32,10000,0,0,1,0,0,0.200000,7,100,1,0.300000,0.81298300,0.81223885,0.11384000,1052,238,4,1294,"model=mine,scope=dataset,dataset=2,phase=preopt-validation"
40,32,10000,0,0,1,0,0,0.200000,7,100,1,0.300000,0.84837963,0.84682396,0.11384000,733,129,2,864,"model=mine,scope=dataset,dataset=2,phase=preopt-test"
40,32,10000,0,0,1,0,0,0.200000,7,100,1,0.300000,0.95981453,0.95954205,0.15044000,1242,48,4,1294,"model=mine,scope=dataset,dataset=3,phase=preopt-validation"
40,32,10000,0,0,1,0,0,0.200000,7,100,1,0.300000,0.98148148,0.98128655,0.15044000,848,14,2,864,"model=mine,scope=dataset,dataset=3,phase=preopt-test"
40,32,10000,0,0,1,0,0,0.200000,7,100,1,0.300000,0.87615920,0.00000000,0.00000000,0,0,0,0,"model=mine,scope=overall,phase=preopt-validation"
40,32,10000,0,0,1,0,0,0.200000,7,100,1,0.300000,0.94531250,0.00000000,0.00000000,0,0,0,0,"model=mine,scope=overall,phase=preopt-test"
40,32,10000,0,0,1,0,0,0.200000,7,100,1,0.300000,0.88717156,0.88689315,0.08124000,1148,141,5,1294,"model=mine,scope=dataset,dataset=0,phase=preopt-validation"
40,32,10000,0,0,1,0,0,0.200000,7,100,1,0.300000,0.99537037,0.99532164,0.08124000,860,4,0,864,"model=mine,scope=dataset,dataset=0,phase=preopt-test"
40,32,10000,0,0,1,0,0,0.200000,7,100,1,0.300000,0.84698609,0.84662377,0.61660000,1096,191,7,1294,"model=mine,scope=dataset,dataset=1,phase=preopt-validation"
40,32,10000,0,0,1,0,0,0.200000,7,100,1,0.300000,0.98495370,0.98485582,0.61660000,851,9,4,864,"model=mine,scope=dataset,dataset=1,phase=preopt-test"
40,32,10000,0,0,1,0,0,0.200000,7,100,1,0.300000,0.81221020,0.81146962,0.11048000,1051,239,4,1294,"model=mine,scope=dataset,dataset=2,phase=preopt-validation"
40,32,10000,0,0,1,0,0,0.200000,7,100,1,0.300000,0.84953704,0.84797338,0.11048000,734,129,1,864,"model=mine,scope=dataset,dataset=2,phase=preopt-test"
40,32,10000,0,0,1,0,0,0.200000,7,100,1,0.300000,0.96290572,0.96264591,0.14004000,1246,45,3,1294,"model=mine,scope=dataset,dataset=3,phase=preopt-validation"
40,32,10000,0,0,1,0,0,0.200000,7,100,1,0.300000,0.98263889,0.98245614,0.14004000,849,13,2,864,"model=mine,scope=dataset,dataset=3,phase=preopt-test"
40,32,10000,0,0,1,0,0,0.200000,7,100,1,0.300000,0.87731839,0.00000000,0.00000000,0,0,0,0,"model=mine,scope=overall,phase=preopt-validation"
40,32,10000,0,0,1,0,0,0.200000,7,100,1,0.300000,0.95312500,0.00000000,0.00000000,0,0,0,0,"model=mine,scope=overall,phase=preopt-test"
40,32,10000,0,0,1,0,0,0.200000,7,100,1,0.300000,0.89412674,0.89386112,0.08108000,1157,132,5,1294,"model=mine,scope=dataset,dataset=0,phase=preopt-validation"
40,32,10000,0,0,1,0,0,0.200000,7,100,1,0.300000,0.99305556,0.99298246,0.08108000,858,6,0,864,"model=mine,scope=dataset,dataset=0,phase=preopt-test"
40,32,10000,0,0,1,0,0,0.200000,7,100,1,0.300000,0.83925811,0.83884166,0.58752000,1086,201,7,1294,"model=mine,scope=dataset,dataset=1,phase=preopt-validation"
40,32,10000,0,0,1,0,0,0.200000,7,100,1,0.300000,0.97453704,0.97430934,0.58752000,842,20,2,864,"model=mine,scope=dataset,dataset=1,phase=preopt-test"
40,32,10000,0,0,1,0,0,0.200000,7,100,1,0.300000,0.82843895,0.82762347,0.10840000,1072,218,4,1294,"model=mine,scope=dataset,dataset=2,phase=preopt-validation"
40,32,10000,0,0,1,0,0,0.200000,7,100,1,0.300000,0.83796296,0.83631781,0.10840000,724,136,4,864,"model=mine,scope=dataset,dataset=2,phase=preopt-test"
40,32,10000,0,0,1,0,0,0.200000,7,100,1,0.300000,0.96522411,0.96498054,0.14292000,1249,42,3,1294,"model=mine,scope=dataset,dataset=3,phase=preopt-validation"
40,32,10000,0,0,1,0,0,0.200000,7,100,1,0.300000,0.98263889,0.98247631,0.14292000,849,11,4,864,"model=mine,scope=dataset,dataset=3,phase=preopt-test"
40,32,10000,0,0,1,0,0,0.200000,7,100,1,0.300000,0.88176198,0.00000000,0.00000000,0,0,0,0,"model=mine,scope=overall,phase=preopt-validation"
40,32,10000,0,0,1,0,0,0.200000,7,100,1,0.300000,0.94704861,0.00000000,0.00000000,0,0,0,0,"model=mine,scope=overall,phase=preopt-test"
40,32,10000,0,0,1,0,0,0.200000,7,100,1,0.300000,0.88330757,0.88298414,0.09564000,1143,145,6,1294,"model=mine,scope=dataset,dataset=0,phase=preopt-validation"
40,32,10000,0,0,1,0,0,0.200000,7,100,1,0.300000,0.99074074,0.99066344,0.09564000,856,7,1,864,"model=mine,scope=dataset,dataset=0,phase=preopt-test"
40,32,10000,0,0,1,0,0,0.200000,7,100,1,0.300000,0.83771252,0.83729422,0.58524000,1084,203,7,1294,"model=mine,scope=dataset,dataset=1,phase=preopt-validation"
40,32,10000,0,0,1,0,0,0.200000,7,100,1,0.300000,0.98726852,0.98719500,0.58524000,853,7,4,864,"model=mine,scope=dataset,dataset=1,phase=preopt-test"
40,32,10000,0,0,1,0,0,0.200000,7,100,1,0.300000,0.82998454,0.82916193,0.12004000,1074,218,2,1294,"model=mine,scope=dataset,dataset=2,phase=preopt-validation"
40,32,10000,0,0,1,0,0,0.200000,7,100,1,0.300000,0.84837963,0.84682396,0.12004000,733,128,3,864,"model=mine,scope=dataset,dataset=2,phase=preopt-test"
40,32,10000,0,0,1,0,0,0.200000,7,100,1,0.300000,0.96290572,0.96264591,0.15172000,1246,45,3,1294,"model=mine,scope=dataset,dataset=3,phase=preopt-validation"
40,32,10000,0,0,1,0,0,0.200000,7,100,1,0.300000,0.97569444,0.97545876,0.15172000,843,17,4,864,"model=mine,scope=dataset,dataset=3,phase=preopt-test"
40,32,10000,0,0,1,0,0,0.200000,7,100,1,0.300000,0.87847759,0.00000000,0.00000000,0,0,0,0,"model=mine,scope=overall,phase=preopt-validation"
40,32,10000,0,0,1,0,0,0.200000,7,100,1,0.300000,0.95052083,0.00000000,0.00000000,0,0,0,0,"model=mine,scope=overall,phase=preopt-test"
40,32,10000,0,0,1,0,0,0.200000,8,100,1,0.300000,0.89249807,0.89205529,0.06864000,1154,134,5,1293,"model=mine,scope=dataset,dataset=0,phase=preopt-validation"
40,32,10000,0,0,1,0,0,0.200000,8,100,1,0.300000,0.99073001,0.99061528,0.06864000,855,7,1,863,"model=mine,scope=dataset,dataset=0,phase=preopt-test"
40,32,10000,0,0,1,0,0,0.200000,8,100,1,0.300000,0.83990719,0.83929391,0.57044000,1086,198,9,1293,"model=mine,scope=dataset,dataset=1,phase=preopt-validation"
40,32,10000,0,0,1,0,0,0.200000,8,100,1,0.300000,0.97914253,0.97890467,0.57044000,845,12,6,863,"model=mine,scope=dataset,dataset=1,phase=preopt-test"
40,32,10000,0,0,1,0,0,0.200000,8,100,1,0.300000,0.82830626,0.82707339,0.09172000,1071,218,4,1293,"model=mine,scope=dataset,dataset=2,phase=preopt-validation"
40,32,10000,0,0,1,0,0,0.200000,8,100,1,0.300000,0.84125145,0.83893859,0.09172000,726,133,4,863,"model=mine,scope=dataset,dataset=2,phase=preopt-test"
40,32,10000,0,0,1,0,0,0.200000,8,100,1,0.300000,0.96365043,0.96343310,0.13232000,1246,42,5,1293,"model=mine,scope=dataset,dataset=3,phase=preopt-validation"
40,32,10000,0,0,1,0,0,0.200000,8,100,1,0.300000,0.98261877,0.98249647,0.13232000,848,10,5,863,"model=mine,scope=dataset,dataset=3,phase=preopt-test"
40,32,10000,0,0,1,0,0,0.200000,8,100,1,0.300000,0.88109049,0.00000000,0.00000000,0,0,0,0,"model=mine,scope=overall,phase=preopt-validation"
40,32,10000,0,0,1,0,0,0.200000,8,100,1,0.300000,0.94843569,0.00000000,0.00000000,0,0,0,0,"model=mine,scope=overall,phase=preopt-test"
40,32,10000,0,0,1,0,0,0.200000,8,100,1,0.300000,0.89172467,0.89124102,0.07272000,1153,134,6,1293,"model=mine,scope=dataset,dataset=0,phase=preopt-validation"
40,32,10000,0,0,1,0,0,0.200000,8,100,1,0.300000,0.99073001,0.99061528,0.07272000,855,7,1,863,"model=mine,scope=dataset,dataset=0,phase=preopt-test"
40,32,10000,0,0,1,0,0,0.200000,8,100,1,0.300000,0.83913380,0.83853669,0.56832000,1085,199,9,1293,"model=mine,scope=dataset,dataset=1,phase=preopt-validation"
40,32,10000,0,0,1,0,0,0.200000,8,100,1,0.300000,0.95249131,0.95187289,0.56832000,822,36,5,863,"model=mine,scope=dataset,dataset=1,phase=preopt-test"
40,32,10000,0,0,1,0,0,0.200000,8,100,1,0.300000,0.81206497,0.81091954,0.09188000,1050,238,5,1293,"model=mine,scope=dataset,dataset=2,phase=preopt-validation"
40,32,10000,0,0,1,0,0,0.200000,8,100,1,0.300000,0.84704519,0.84478702,0.09188000,731,129,3,863,"model=mine,scope=dataset,dataset=2,phase=preopt-test"
40,32,10000,0,0,1,0,0,0.200000,8,100,1,0.300000,0.96365043,0.96343310,0.13080000,1246,42,5,1293,"model=mine,scope=dataset,dataset=3,phase=preopt-validation"
40,32,10000,0,0,1,0,0,0.200000,8,100,1,0.300000,0.98725377,0.98717483,0.13080000,852,7,4,863,"model=mine,scope=dataset,dataset=3,phase=preopt-test"
40,32,10000,0,0,1,0,0,0.200000,8,100,1,0.300000,0.87664346,0.00000000,0.00000000,0,0,0,0,"model=mine,scope=overall,phase=preopt-validation"
40,32,10000,0,0,1,0,0,0.200000,8,100,1,0.300000,0.94438007,0.00000000,0.00000000,0,0,0,0,"model=mine,scope=overall,phase=preopt-test"
40,32,10000,0,0,1,0,0,0.200000,8,100,1,0.300000,0.89095128,0.89048381,0.06384000,1152,133,8,1293,"model=mine,scope=dataset,dataset=0,phase=preopt-validation"
40,32,10000,0,0,1,0,0,0.200000,8,100,1,0.300000,0.99073001,0.99062216,0.06384000,855,6,2,863,"model=mine,scope=dataset,dataset=0,phase=preopt-test"
40,32,10000,0,0,1,0,0,0.200000,8,100,1,0.300000,0.84532096,0.84469054,0.58104000,1093,192,8,1293,"model=mine,scope=dataset,dataset=1,phase=preopt-validation"
40,32,10000,0,0,1,0,0,0.200000,8,100,1,0.300000,0.98377752,0.98361055,0.58104000,849,10,4,863,"model=mine,scope=dataset,dataset=1,phase=preopt-test"
40,32,10000,0,0,1,0,0,0.200000,8,100,1,0.300000,0.81361176,0.81246698,0.09296000,1052,235,6,1293,"model=mine,scope=dataset,dataset=2,phase=preopt-validation"
40,32,10000,0,0,1,0,0,0.200000,8,100,1,0.300000,0.84820394,0.84597037,0.09296000,732,127,4,863,"model=mine,scope=dataset,dataset=2,phase=preopt-test"
40,32,10000,0,0,1,0,0,0.200000,8,100,1,0.300000,0.96442382,0.96421131,0.12028000,1247,41,5,1293,"model=mine,scope=dataset,dataset=3,phase=preopt-validation"
40,32,10000,0,0,1,0,0,0.200000,8,100,1,0.300000,0.98725377,0.98719500,0.12028000,852,8,3,863,"model=mine,scope=dataset,dataset=3,phase=preopt-test"
40,32,10000,0,0,1,0,0,0.200000,8,100,1,0.300000,0.87857695,0.00000000,0.00000000,0,0,0,0,"model=mine,scope=overall,phase=preopt-validation"
40,32,10000,0,0,1,0,0,0.200000,8,100,1,0.300000,0.95249131,0.00000000,0.00000000,0,0,0,0,"model=mine,scope=overall,phase=preopt-test"
40,32,10000,0,0,1,0,0,0.200000,8,100,1,0.300000,0.89713844,0.89670673,0.06228000,1160,130,3,1293,"model=mine,scope=dataset,dataset=0,phase=preopt-validation"
40,32,10000,0,0,1,0,0,0.200000,8,100,1,0.300000,0.99304751,0.99294806,0.06228000,857,5,1,863,"model=mine,scope=dataset,dataset=0,phase=preopt-test"
40,32,10000,0,0,1,0,0,0.200000,8,100,1,0.300000,0.84145398,0.84078429,0.55064000,1088,196,9,1293,"model=mine,scope=dataset,dataset=1,phase=preopt-validation"
40,32,10000,0,0,1,0,0,0.200000,8,100,1,0.300000,0.97103129,0.97066937,0.55064000,838,22,3,863,"model=mine,scope=dataset,dataset=1,phase=preopt-test"
40,32,10000,0,0,1,0,0,0.200000,8,100,1,0.300000,0.82985305,0.82861185,0.09124000,1073,215,5,1293,"model=mine,scope=dataset,dataset=2,phase=preopt-validation"
40,32,10000,0,0,1,0,0,0.200000,8,100,1,0.300000,0.83545771,0.83303607,0.09124000,721,137,5,863,"model=mine,scope=dataset,dataset=2,phase=preopt-test"
40,32,10000,0,0,1,0,0,0.200000,8,100,1,0.300000,0.96674401,0.96654594,0.12588000,1250,38,5,1293,"model=mine,scope=dataset,dataset=3,phase=preopt-validation"
40,32,10000,0,0,1,0,0,0.200000,8,100,1,0.300000,0.99073001,0.99068361,0.12588000,855,3,5,863,"model=mine,scope=dataset,dataset=3,phase=preopt-test"
40,32,10000,0,0,1,0,0,0.200000,8,100,1,0.300000,0.88379737,0.00000000,0.00000000,0,0,0,0,"model=mine,scope=overall,phase=preopt-validation"
40,32,10000,0,0,1,0,0,0.200000,8,100,1,0.300000,0.94756663,0.00000000,0.00000000,0,0,0,0,"model=mine,scope=overall,phase=preopt-test"
40,32,10000,0,0,1,0,0,0.200000,8,100,1,0.300000,0.88553751,0.88495800,0.07332000,1145,139,9,1293,"model=mine,scope=dataset,dataset=0,phase=preopt-validation"
40,32,10000,0,0,1,0,0,0.200000,8,100,1,0.300000,0.99188876,0.99176471,0.07332000,856,7,0,863,"model=mine,scope=dataset,dataset=0,phase=preopt-test"
40,32,10000,0,0,1,0,0,0.200000,8,100,1,0.300000,0.83913380,0.83847660,0.54872000,1085,199,9,1293,"model=mine,scope=dataset,dataset=1,phase=preopt-validation"
40,32,10000,0,0,1,0,0,0.200000,8,100,1,0.300000,0.98493627,0.98481406,0.54872000,850,8,5,863,"model=mine,scope=dataset,dataset=1,phase=preopt-test"
40,32,10000,0,0,1,0,0,0.200000,8,100,1,0.300000,0.83836040,0.83708541,0.10356000,1084,206,3,1293,"model=mine,scope=dataset,dataset=2,phase=preopt-validation"
40,32,10000,0,0,1,0,0,0.200000,8,100,1,0.300000,0.84472769,0.84244784,0.10356000,729,129,5,863,"model=mine,scope=dataset,dataset=2,phase=preopt-test"
40,32,10000,0,0,1,0,0,0.200000,8,100,1,0.300000,0.96519722,0.96498952,0.12664000,1248,40,5,1293,"model=mine,scope=dataset,dataset=3,phase=preopt-validation"
40,32,10000,0,0,1,0,0,0.200000,8,100,1,0.300000,0.97798378,0.97783827,0.12664000,844,13,6,863,"model=mine,scope=dataset,dataset=3,phase=preopt-test"
40,32,10000,0,0,1,0,0,0.200000,8,100,1,0.300000,0.88205723,0.00000000,0.00000000,0,0,0,0,"model=mine,scope=overall,phase=preopt-validation"
40,32,10000,0,0,1,0,0,0.200000,8,100,1,0.300000,0.94988413,0.00000000,0.00000000,0,0,0,0,"model=mine,scope=overall,phase=preopt-test"
40,32,10000,0,0,1,0,0,0.200000,9,100,1,0.300000,0.89318885,0.89281250,0.05768000,1154,131,7,1292,"model=mine,scope=dataset,dataset=0,phase=preopt-validation"
40,32,10000,0,0,1,0,0,0.200000,9,100,1,0.300000,0.98955916,0.98946586,0.05768000,853,9,0,862,"model=mine,scope=dataset,dataset=0,phase=preopt-test"
40,32,10000,0,0,1,0,0,0.200000,9,100,1,0.300000,0.84055728,0.84007212,0.54076000,1086,197,9,1292,"model=mine,scope=dataset,dataset=1,phase=preopt-validation"
40,32,10000,0,0,1,0,0,0.200000,9,100,1,0.300000,0.97911833,0.97890467,0.54076000,844,12,6,862,"model=mine,scope=dataset,dataset=1,phase=preopt-test"
40,32,10000,0,0,1,0,0,0.200000,9,100,1,0.300000,0.83204334,0.83092548,0.07644000,1075,211,6,1292,"model=mine,scope=dataset,dataset=2,phase=preopt-validation"
40,32,10000,0,0,1,0,0,0.200000,9,100,1,0.300000,0.84106729,0.83893171,0.07644000,725,133,4,862,"model=mine,scope=dataset,dataset=2,phase=preopt-test"
40,32,10000,0,0,1,0,0,0.200000,9,100,1,0.300000,0.96439628,0.96407452,0.11396000,1246,41,5,1292,"model=mine,scope=dataset,dataset=3,phase=preopt-validation"
40,32,10000,0,0,1,0,0,0.200000,9,100,1,0.300000,0.98955916,0.98943881,0.11396000,853,6,3,862,"model=mine,scope=dataset,dataset=3,phase=preopt-test"
40,32,10000,0,0,1,0,0,0.200000,9,100,1,0.300000,0.88254644,0.00000000,0.00000000,0,0,0,0,"model=mine,scope=overall,phase=preopt-validation"
40,32,10000,0,0,1,0,0,0.200000,9,100,1,0.300000,0.94982599,0.00000000,0.00000000,0,0,0,0,"model=mine,scope=overall,phase=preopt-test"
40,32,10000,0,0,1,0,0,0.200000,9,100,1,0.300000,0.89473684,0.89427885,0.05988000,1156,128,8,1292,"model=mine,scope=dataset,dataset=0,phase=preopt-validation"
40,32,10000,0,0,1,0,0,0.200000,9,100,1,0.300000,0.99071926,0.99064233,0.05988000,854,5,3,862,"model=mine,scope=dataset,dataset=0,phase=preopt-test"
40,32,10000,0,0,1,0,0,0.200000,9,100,1,0.300000,0.84520124,0.84478365,0.53628000,1092,191,9,1292,"model=mine,scope=dataset,dataset=1,phase=preopt-validation"
40,32,10000,0,0,1,0,0,0.200000,9,100,1,0.300000,0.95243619,0.95184584,0.53628000,821,37,4,862,"model=mine,scope=dataset,dataset=1,phase=preopt-test"
40,32,10000,0,0,1,0,0,0.200000,9,100,1,0.300000,0.81501548,0.81400240,0.07356000,1053,234,5,1292,"model=mine,scope=dataset,dataset=2,phase=preopt-validation"
40,32,10000,0,0,1,0,0,0.200000,9,100,1,0.300000,0.84686775,0.84481406,0.07356000,730,128,4,862,"model=mine,scope=dataset,dataset=2,phase=preopt-test"
40,32,10000,0,0,1,0,0,0.200000,9,100,1,0.300000,0.96517028,0.96484375,0.11448000,1247,41,4,1292,"model=mine,scope=dataset,dataset=3,phase=preopt-validation"
40,32,10000,0,0,1,0,0,0.200000,9,100,1,0.300000,0.99071926,0.99061528,0.11448000,854,6,2,862,"model=mine,scope=dataset,dataset=3,phase=preopt-test"
40,32,10000,0,0,1,0,0,0.200000,9,100,1,0.300000,0.88003096,0.00000000,0.00000000,0,0,0,0,"model=mine,scope=overall,phase=preopt-validation"
40,32,10000,0,0,1,0,0,0.200000,9,100,1,0.300000,0.94518561,0.00000000,0.00000000,0,0,0,0,"model=mine,scope=overall,phase=preopt-test"
40,32,10000,0,0,1,0,0,0.200000,9,100,1,0.300000,0.89164087,0.89125000,0.05204000,1152,131,9,1292,"model=mine,scope=dataset,dataset=0,phase=preopt-validation"
40,32,10000,0,0,1,0,0,0.200000,9,100,1,0.300000,0.99187935,0.99176471,0.05204000,855,6,1,862,"model=mine,scope=dataset,dataset=0,phase=preopt-test"
40,32,10000,0,0,1,0,0,0.200000,9,100,1,0.300000,0.84674923,0.84623798,0.54896000,1094,190,8,1292,"model=mine,scope=dataset,dataset=1,phase=preopt-validation"
40,32,10000,0,0,1,0,0,0.200000,9,100,1,0.300000,0.97795824,0.97772819,0.54896000,843,13,6,862,"model=mine,scope=dataset,dataset=1,phase=preopt-test"
40,32,10000,0,0,1,0,0,0.200000,9,100,1,0.300000,0.82585139,0.82477163,0.07968000,1067,217,8,1292,"model=mine,scope=dataset,dataset=2,phase=preopt-validation"
40,32,10000,0,0,1,0,0,0.200000,9,100,1,0.300000,0.85266821,0.85066937,0.07968000,735,123,4,862,"model=mine,scope=dataset,dataset=2,phase=preopt-test"
40,32,10000,0,0,1,0,0,0.200000,9,100,1,0.300000,0.96594427,0.96564904,0.10620000,1248,38,6,1292,"model=mine,scope=dataset,dataset=3,phase=preopt-validation"
40,32,10000,0,0,1,0,0,0.200000,9,100,1,0.300000,0.99187935,0.99176471,0.10620000,855,7,0,862,"model=mine,scope=dataset,dataset=3,phase=preopt-test"
40,32,10000,0,0,1,0,0,0.200000,9,100,1,0.300000,0.88254644,0.00000000,0.00000000,0,0,0,0,"model=mine,scope=overall,phase=preopt-validation"
40,32,10000,0,0,1,0,0,0.200000,9,100,1,0.300000,0.95359629,0.00000000,0.00000000,0,0,0,0,"model=mine,scope=overall,phase=preopt-test"
40,32,10000,0,0,1,0,0,0.200000,9,100,1,0.300000,0.89705882,0.89670673,0.05668000,1159,128,5,1292,"model=mine,scope=dataset,dataset=0,phase=preopt-validation"
40,32,10000,0,0,1,0,0,0.200000,9,100,1,0.300000,0.99187935,0.99179175,0.05668000,855,6,1,862,"model=mine,scope=dataset,dataset=0,phase=preopt-test"
40,32,10000,0,0,1,0,0,0.200000,9,100,1,0.300000,0.84055728,0.84000000,0.51932000,1086,197,9,1292,"model=mine,scope=dataset,dataset=1,phase=preopt-validation"
40,32,10000,0,0,1,0,0,0.200000,9,100,1,0.300000,0.96635731,0.96596349,0.51932000,833,25,4,862,"model=mine,scope=dataset,dataset=1,phase=preopt-test"
40,32,10000,0,0,1,0,0,0.200000,9,100,1,0.300000,0.83204334,0.83093750,0.07472000,1075,214,3,1292,"model=mine,scope=dataset,dataset=2,phase=preopt-validation"
40,32,10000,0,0,1,0,0,0.200000,9,100,1,0.300000,0.83294664,0.83072346,0.07472000,718,139,5,862,"model=mine,scope=dataset,dataset=2,phase=preopt-test"
40,32,10000,0,0,1,0,0,0.200000,9,100,1,0.300000,0.96904025,0.96875000,0.10712000,1252,36,4,1292,"model=mine,scope=dataset,dataset=3,phase=preopt-validation"
40,32,10000,0,0,1,0,0,0.200000,9,100,1,0.300000,0.99419954,0.99414469,0.10712000,857,3,2,862,"model=mine,scope=dataset,dataset=3,phase=preopt-test"
40,32,10000,0,0,1,0,0,0.200000,9,100,1,0.300000,0.88467492,0.00000000,0.00000000,0,0,0,0,"model=mine,scope=overall,phase=preopt-validation"
40,32,10000,0,0,1,0,0,0.200000,9,100,1,0.300000,0.94634571,0.00000000,0.00000000,0,0,0,0,"model=mine,scope=overall,phase=preopt-test"
40,32,10000,0,0,1,0,0,0.200000,9,100,1,0.300000,0.88777090,0.88727163,0.05852000,1147,136,9,1292,"model=mine,scope=dataset,dataset=0,phase=preopt-validation"
40,32,10000,0,0,1,0,0,0.200000,9,100,1,0.300000,0.98955916,0.98949290,0.05852000,853,6,3,862,"model=mine,scope=dataset,dataset=0,phase=preopt-test"
40,32,10000,0,0,1,0,0,0.200000,9,100,1,0.300000,0.84055728,0.84006010,0.51728000,1086,196,10,1292,"model=mine,scope=dataset,dataset=1,phase=preopt-validation"
40,32,10000,0,0,1,0,0,0.200000,9,100,1,0.300000,0.96403712,0.96361055,0.51728000,831,25,6,862,"model=mine,scope=dataset,dataset=1,phase=preopt-test"
40,32,10000,0,0,1,0,0,0.200000,9,100,1,0.300000,0.84520124,0.84401442,0.08668000,1092,198,2,1292,"model=mine,scope=dataset,dataset=2,phase=preopt-validation"
40,32,10000,0,0,1,0,0,0.200000,9,100,1,0.300000,0.86078886,0.85893171,0.08668000,742,115,5,862,"model=mine,scope=dataset,dataset=2,phase=preopt-test"
40,32,10000,0,0,1,0,0,0.200000,9,100,1,0.300000,0.96517028,0.96485577,0.11008000,1247,40,5,1292,"model=mine,scope=dataset,dataset=3,phase=preopt-validation"
40,32,10000,0,0,1,0,0,0.200000,9,100,1,0.300000,0.98491879,0.98475997,0.11008000,849,8,5,862,"model=mine,scope=dataset,dataset=3,phase=preopt-test"
40,32,10000,0,0,1,0,0,0.200000,9,100,1,0.300000,0.88467492,0.00000000,0.00000000,0,0,0,0,"model=mine,scope=overall,phase=preopt-validation"
40,32,10000,0,0,1,0,0,0.200000,9,100,1,0.300000,0.94982599,0.00000000,0.00000000,0,0,0,0,"model=mine,scope=overall,phase=preopt-test"
40,32,10000,0,0,1,0,0,0.200000,10,100,1,0.300000,0.89233153,0.89176471,0.05104000,1152,129,10,1291,"model=mine,scope=dataset,dataset=0,phase=preopt-validation"
40,32,10000,0,0,1,0,0,0.200000,10,100,1,0.300000,0.98606272,0.98596885,0.05104000,849,9,3,861,"model=mine,scope=dataset,dataset=0,phase=preopt-test"
40,32,10000,0,0,1,0,0,0.200000,10,100,1,0.300000,0.83888459,0.83817803,0.51488000,1083,196,12,1291,"model=mine,scope=dataset,dataset=1,phase=preopt-validation"
40,32,10000,0,0,1,0,0,0.200000,10,100,1,0.300000,0.96864111,0.96821737,0.51488000,834,20,7,861,"model=mine,scope=dataset,dataset=1,phase=preopt-test"
40,32,10000,0,0,1,0,0,0.200000,10,100,1,0.300000,0.84043377,0.83885676,0.06500000,1085,202,4,1291,"model=mine,scope=dataset,dataset=2,phase=preopt-validation"
40,32,10000,0,0,1,0,0,0.200000,10,100,1,0.300000,0.83855981,0.83591104,0.06500000,722,134,5,861,"model=mine,scope=dataset,dataset=2,phase=preopt-test"
40,32,10000,0,0,1,0,0,0.200000,10,100,1,0.300000,0.96359411,0.96329327,0.09960000,1244,41,6,1291,"model=mine,scope=dataset,dataset=3,phase=preopt-validation"
40,32,10000,0,0,1,0,0,0.200000,10,100,1,0.300000,0.99186992,0.99184584,0.09960000,854,1,6,861,"model=mine,scope=dataset,dataset=3,phase=preopt-test"
40,32,10000,0,0,1,0,0,0.200000,10,100,1,0.300000,0.88381100,0.00000000,0.00000000,0,0,0,0,"model=mine,scope=overall,phase=preopt-validation"
40,32,10000,0,0,1,0,0,0.200000,10,100,1,0.300000,0.94628339,0.00000000,0.00000000,0,0,0,0,"model=mine,scope=overall,phase=preopt-test"
40,32,10000,0,0,1,0,0,0.200000,10,100,1,0.300000,0.90007746,0.89939975,0.04600000,1162,119,10,1291,"model=mine,scope=dataset,dataset=0,phase=preopt-validation"
40,32,10000,0,0,1,0,0,0.200000,10,100,1,0.300000,0.98954704,0.98945809,0.04600000,852,6,3,861,"model=mine,scope=dataset,dataset=0,phase=preopt-test"
40,32,10000,0,0,1,0,0,0.200000,10,100,1,0.300000,0.83810999,0.83742388,0.50572000,1082,197,12,1291,"model=mine,scope=dataset,dataset=1,phase=preopt-validation"
40,32,10000,0,0,1,0,0,0.200000,10,100,1,0.300000,0.94889663,0.94806502,0.50572000,817,40,4,861,"model=mine,scope=dataset,dataset=1,phase=preopt-test"
40,32,10000,0,0,1,0,0,0.200000,10,100,1,0.300000,0.82494191,0.82344811,0.06508000,1065,219,7,1291,"model=mine,scope=dataset,dataset=2,phase=preopt-validation"
40,32,10000,0,0,1,0,0,0.200000,10,100,1,0.300000,0.84901278,0.84633084,0.06508000,731,124,6,861,"model=mine,scope=dataset,dataset=2,phase=preopt-test"
40,32,10000,0,0,1,0,0,0.200000,10,100,1,0.300000,0.96436871,0.96407452,0.10268000,1245,40,6,1291,"model=mine,scope=dataset,dataset=3,phase=preopt-validation"
40,32,10000,0,0,1,0,0,0.200000,10,100,1,0.300000,0.99186992,0.99181880,0.10268000,854,3,4,861,"model=mine,scope=dataset,dataset=3,phase=preopt-test"
40,32,10000,0,0,1,0,0,0.200000,10,100,1,0.300000,0.88187452,0.00000000,0.00000000,0,0,0,0,"model=mine,scope=overall,phase=preopt-validation"
40,32,10000,0,0,1,0,0,0.200000,10,100,1,0.300000,0.94483159,0.00000000,0.00000000,0,0,0,0,"model=mine,scope=overall,phase=preopt-test"
40,32,10000,0,0,1,0,0,0.200000,10,100,1,0.300000,0.89233153,0.89174067,0.04256000,1152,128,11,1291,"model=mine,scope=dataset,dataset=0,phase=preopt-validation"
40,32,10000,0,0,1,0,0,0.200000,10,100,1,0.300000,0.98606272,0.98598277,0.04256000,849,8,4,861,"model=mine,scope=dataset,dataset=0,phase=preopt-test"
40,32,10000,0,0,1,0,0,0.200000,10,100,1,0.300000,0.84817971,0.84743896,0.52120000,1095,187,9,1291,"model=mine,scope=dataset,dataset=1,phase=preopt-validation"
40,32,10000,0,0,1,0,0,0.200000,10,100,1,0.300000,0.96631823,0.96578249,0.52120000,832,22,7,861,"model=mine,scope=dataset,dataset=1,phase=preopt-test"
40,32,10000,0,0,1,0,0,0.200000,10,100,1,0.300000,0.82726569,0.82575580,0.07204000,1068,214,9,1291,"model=mine,scope=dataset,dataset=2,phase=preopt-validation"
40,32,10000,0,0,1,0,0,0.200000,10,100,1,0.300000,0.86875726,0.86642214,0.07204000,748,108,5,861,"model=mine,scope=dataset,dataset=2,phase=preopt-test"
40,32,10000,0,0,1,0,0,0.200000,10,100,1,0.300000,0.96824167,0.96798077,0.09256000,1250,35,6,1291,"model=mine,scope=dataset,dataset=3,phase=preopt-validation"
40,32,10000,0,0,1,0,0,0.200000,10,100,1,0.300000,0.99070848,0.99064233,0.09256000,853,5,3,861,"model=mine,scope=dataset,dataset=3,phase=preopt-test"
40,32,10000,0,0,1,0,0,0.200000,10,100,1,0.300000,0.88400465,0.00000000,0.00000000,0,0,0,0,"model=mine,scope=overall,phase=preopt-validation"
40,32,10000,0,0,1,0,0,0.200000,10,100,1,0.300000,0.95296167,0.00000000,0.00000000,0,0,0,0,"model=mine,scope=overall,phase=preopt-test"
40,32,10000,0,0,1,0,0,0.200000,10,100,1,0.300000,0.89388071,0.89336656,0.04912000,1154,129,8,1291,"model=mine,scope=dataset,dataset=0,phase=preopt-validation"
40,32,10000,0,0,1,0,0,0.200000,10,100,1,0.300000,0.99303136,0.99290637,0.04912000,855,5,1,861,"model=mine,scope=dataset,dataset=0,phase=preopt-test"
40,32,10000,0,0,1,0,0,0.200000,10,100,1,0.300000,0.84120837,0.84041030,0.49024000,1086,194,11,1291,"model=mine,scope=dataset,dataset=1,phase=preopt-validation"
40,32,10000,0,0,1,0,0,0.200000,10,100,1,0.300000,0.96631823,0.96578249,0.49024000,832,26,3,861,"model=mine,scope=dataset,dataset=1,phase=preopt-test"
40,32,10000,0,0,1,0,0,0.200000,10,100,1,0.300000,0.83733540,0.83576782,0.06244000,1081,205,5,1291,"model=mine,scope=dataset,dataset=2,phase=preopt-validation"
40,32,10000,0,0,1,0,0,0.200000,10,100,1,0.300000,0.82810685,0.82528104,0.06244000,713,141,7,861,"model=mine,scope=dataset,dataset=2,phase=preopt-test"
40,32,10000,0,0,1,0,0,0.200000,10,100,1,0.300000,0.96669249,0.96641827,0.09040000,1248,37,6,1291,"model=mine,scope=dataset,dataset=3,phase=preopt-validation"
40,32,10000,0,0,1,0,0,0.200000,10,100,1,0.300000,0.99651568,0.99652468,0.09040000,858,0,3,861,"model=mine,scope=dataset,dataset=3,phase=preopt-test"
40,32,10000,0,0,1,0,0,0.200000,10,100,1,0.300000,0.88477924,0.00000000,0.00000000,0,0,0,0,"model=mine,scope=overall,phase=preopt-validation"
40,32,10000,0,0,1,0,0,0.200000,10,100,1,0.300000,0.94599303,0.00000000,0.00000000,0,0,0,0,"model=mine,scope=overall,phase=preopt-test"
40,32,10000,0,0,1,0,0,0.200000,10,100,1,0.300000,0.89000775,0.88925504,0.04536000,1149,133,9,1291,"model=mine,scope=dataset,dataset=0,phase=preopt-validation"
40,32,10000,0,0,1,0,0,0.200000,10,100,1,0.300000,0.98722416,0.98712524,0.04536000,850,6,5,861,"model=mine,scope=dataset,dataset=0,phase=preopt-test"
40,32,10000,0,0,1,0,0,0.200000,10,100,1,0.300000,0.84430674,0.84359281,0.49008000,1090,191,10,1291,"model=mine,scope=dataset,dataset=1,phase=preopt-validation"
40,32,10000,0,0,1,0,0,0.200000,10,100,1,0.300000,0.95818815,0.95756648,0.49008000,825,28,8,861,"model=mine,scope=dataset,dataset=1,phase=preopt-test"
40,32,10000,0,0,1,0,0,0.200000,10,100,1,0.300000,0.84895430,0.84738476,0.07516000,1096,190,5,1291,"model=mine,scope=dataset,dataset=2,phase=preopt-validation"
40,32,10000,0,0,1,0,0,0.200000,10,100,1,0.300000,0.87224158,0.87001340,0.07516000,751,104,6,861,"model=mine,scope=dataset,dataset=2,phase=preopt-test"
40,32,10000,0,0,1,0,0,0.200000,10,100,1,0.300000,0.96591789,0.96563702,0.09884000,1247,38,6,1291,"model=mine,scope=dataset,dataset=3,phase=preopt-validation"
40,32,10000,0,0,1,0,0,0.200000,10,100,1,0.300000,0.97909408,0.97895876,0.09884000,843,9,9,861,"model=mine,scope=dataset,dataset=3,phase=preopt-test"
40,32,10000,0,0,1,0,0,0.200000,10,100,1,0.300000,0.88729667,0.00000000,0.00000000,0,0,0,0,"model=mine,scope=overall,phase=preopt-validation"
40,32,10000,0,0,1,0,0,0.200000,10,100,1,0.300000,0.94918699,0.00000000,0.00000000,0,0,0,0,"model=mine,scope=overall,phase=preopt-test"
